number of steps,time,
1000, 0.000133000000000
Numeric Solution,Exact Solution,Relative Error,
0.00894124558744,0.00894131994927,8.31665015092E-06
0.0177836829178,0.0177838308197,8.31665014892E-06
0.0265282941723,0.0265285148007,8.31665015039E-06
0.0351760517691,0.0351763443185,8.31665014782E-06
0.0437279184604,0.0437282821332,8.31665014949E-06
0.0521848474281,0.0521852814348,8.31665014790E-06
0.0605477823793,0.0605482859382,8.31665014810E-06
0.0688176576405,0.0688182299776,8.31665014757E-06
0.0769953982506,0.0769960385998,8.31665014800E-06
0.0850819200536,0.0850826276560,8.31665014700E-06
0.0930781297894,0.0930789038940,8.31665014812E-06
0.100984925185,0.100985765048,8.31665014766E-06
0.108803195043,0.108804099929,8.31665014871E-06
0.116533819333,0.116534788512,8.31665014838E-06
0.124177669274,0.124178702025,8.31665014873E-06
0.131735607429,0.131736703037,8.31665014808E-06
0.139208487784,0.139209645542,8.31665014881E-06
0.146597155837,0.146598375044,8.31665014841E-06
0.153902448681,0.153903728645,8.31665014868E-06
0.161125195089,0.161126535122,8.31665014842E-06
0.168266215596,0.168267615019,8.31665014866E-06
0.175326322579,0.175327780719,8.31665014839E-06
0.182306320341,0.182307836531,8.31665014791E-06
0.189207005190,0.189208578771,8.31665014816E-06
0.196029165517,0.196030795837,8.31665014737E-06
0.202773581879,0.202775268290,8.31665014760E-06
0.209441027072,0.209442768935,8.31665014706E-06
0.216032266211,0.216034062890,8.31665014736E-06
0.222548056804,0.222549907673,8.31665014666E-06
0.228989148831,0.228991053269,8.31665014640E-06
0.235356284816,0.235358242208,8.31665014620E-06
0.241650199903,0.241652209640,8.31665014587E-06
0.247871621928,0.247873683406,8.31665014524E-06
0.254021271491,0.254023384115,8.31665014520E-06
0.260099862031,0.260102025208,8.31665014471E-06
0.266108099894,0.266110313040,8.31665014487E-06
0.272046684405,0.272048946941,8.31665014435E-06
0.277916307937,0.277918619289,8.31665014440E-06
0.283717655982,0.283720015583,8.31665014387E-06
0.289451407217,0.289453814503,8.31665014397E-06
0.295118233573,0.295120687988,8.31665014313E-06
0.300718800301,0.300721301295,8.31665014314E-06
0.306253766040,0.306256313067,8.31665014276E-06
0.311723782883,0.311726375402,8.31665014237E-06
0.317129496439,0.317132133916,8.31665014237E-06
0.322471545901,0.322474227806,8.31665014184E-06
0.327750564107,0.327753289916,8.31665014160E-06
0.332967177605,0.332969946800,8.31665014182E-06
0.338122006716,0.338124818782,8.31665014186E-06
0.343215665593,0.343218520021,8.31665014158E-06
0.348248762285,0.348251658572,8.31665014142E-06
0.353221898797,0.353224836444,8.31665014093E-06
0.358135671149,0.358138649663,8.31665014056E-06
0.362990669439,0.362993688330,8.31665014020E-06
0.367787477895,0.367790536680,8.31665014050E-06
0.372526674942,0.372529773142,8.31665014027E-06
0.377208833252,0.377211970392,8.31665014037E-06
0.381834519806,0.381837695417,8.31665013999E-06
0.386404295950,0.386407509566,8.31665014030E-06
0.390918717447,0.390921968608,8.31665013997E-06
0.395378334539,0.395381622789,8.31665014066E-06
0.399783691995,0.399787016884,8.31665014068E-06
0.404135329173,0.404138690253,8.31665014105E-06
0.408433780066,0.408437176896,8.31665014130E-06
0.412679573361,0.412683005501,8.31665014155E-06
0.416873232489,0.416876699506,8.31665014156E-06
0.421015275677,0.421018777143,8.31665014169E-06
0.425106216003,0.425109751492,8.31665014188E-06
0.429146561442,0.429150130534,8.31665014220E-06
0.433136814923,0.433140417200,8.31665014215E-06
0.437077474372,0.437081109423,8.31665014213E-06
0.440969032768,0.440972700184,8.31665014248E-06
0.444811978190,0.444815677567,8.31665014229E-06
0.448606793864,0.448610524801,8.31665014227E-06
0.452353958212,0.452357720313,8.31665014210E-06
0.456053944902,0.456057737774,8.31665014213E-06
0.459707222892,0.459711046148,8.31665014237E-06
0.463314256481,0.463318109735,8.31665014267E-06
0.466875505350,0.466879388222,8.31665014255E-06
0.470391424612,0.470395336725,8.31665014271E-06
0.473862464855,0.473866405836,8.31665014236E-06
0.477289072191,0.477293041670,8.31665014264E-06
0.480671688293,0.480675685904,8.31665014246E-06
0.484010750447,0.484014775828,8.31665014261E-06
0.487306691591,0.487310744384,8.31665014239E-06
0.490559940360,0.490564020209,8.31665014231E-06
0.493770921128,0.493775027682,8.31665014228E-06
0.496940054050,0.496944186961,8.31665014229E-06
0.500067755106,0.500071914029,8.31665014231E-06
0.503154436139,0.503158620733,8.31665014203E-06
0.506200504901,0.506204714828,8.31665014162E-06
0.509206365087,0.509210600014,8.31665014108E-06
0.512172416384,0.512176675978,8.31665014093E-06
0.515099054501,0.515103338435,8.31665014079E-06
0.517986671216,0.517990979166,8.31665014080E-06
0.520835654414,0.520839986058,8.31665014023E-06
0.523646388123,0.523650743143,8.31665013979E-06
0.526419252551,0.526423630632,8.31665013955E-06
0.529154624131,0.529159024962,8.31665013938E-06
0.531852875552,0.531857298823,8.31665013901E-06
0.534514375798,0.534518821204,8.31665013891E-06
0.537139490187,0.537143957425,8.31665013866E-06
0.539728580403,0.539733069174,8.31665013867E-06
0.542282004537,0.542286514545,8.31665013840E-06
0.544800117120,0.544804648070,8.31665013846E-06
0.547283269158,0.547287820759,8.31665013803E-06
0.549731808168,0.549736380134,8.31665013819E-06
0.552146078214,0.552150670258,8.31665013776E-06
0.554526419939,0.554531031780,8.31665013761E-06
0.556873170599,0.556877801957,8.31665013732E-06
0.559186664099,0.559191314697,8.31665013713E-06
0.561467231024,0.561471900589,8.31665013697E-06
0.563715198674,0.563719886935,8.31665013682E-06
0.565930891093,0.565935597782,8.31665013642E-06
0.568114629108,0.568119353958,8.31665013595E-06
0.570266730353,0.570271473101,8.31665013575E-06
0.572387509307,0.572392269693,8.31665013512E-06
0.574477277321,0.574482055088,8.31665013492E-06
0.576536342654,0.576541137545,8.31665013426E-06
0.578565010498,0.578569822261,8.31665013388E-06
0.580563583013,0.580568411398,8.31665013343E-06
0.582532359355,0.582537204113,8.31665013312E-06
0.584471635705,0.584476496591,8.31665013235E-06
0.586381705302,0.586386582074,8.31665013216E-06
0.588262858469,0.588267750886,8.31665013176E-06
0.590115382643,0.590120290467,8.31665013151E-06
0.591939562405,0.591944485400,8.31665013122E-06
0.593735679505,0.593740617438,8.31665013089E-06
0.595504012894,0.595508965534,8.31665013045E-06
0.597244838750,0.597249805868,8.31665013018E-06
0.598958430506,0.598963411875,8.31665012972E-06
0.600645058876,0.600650054272,8.31665012956E-06
0.602304991883,0.602310001084,8.31665012957E-06
0.603938494886,0.603943517673,8.31665012898E-06
0.605545830608,0.605550866763,8.31665012861E-06
0.607127259158,0.607132308465,8.31665012847E-06
0.608683038060,0.608688100306,8.31665012852E-06
0.610213422279,0.610218497253,8.31665012829E-06
0.611718664246,0.611723751739,8.31665012787E-06
0.613199013881,0.613204113685,8.31665012804E-06
0.614654718621,0.614659830532,8.31665012797E-06
0.616086023443,0.616091147257,8.31665012778E-06
0.617493170888,0.617498306405,8.31665012803E-06
0.618876401088,0.618881548109,8.31665012831E-06
0.620235951787,0.620241110115,8.31665012836E-06
0.621572058366,0.621577227806,8.31665012844E-06
0.622884953865,0.622890134224,8.31665012852E-06
0.624174869009,0.624180060096,8.31665012832E-06
0.625442032229,0.625447233855,8.31665012875E-06
0.626686669686,0.626691881663,8.31665012895E-06
0.627909005292,0.627914227435,8.31665012906E-06
0.629109260733,0.629114492858,8.31665012913E-06
0.630287655492,0.630292897417,8.31665012942E-06
0.631444406871,0.631449658417,8.31665012957E-06
0.632579730010,0.632584990998,8.31665012987E-06
0.633693837913,0.633699108167,8.31665013047E-06
0.634786941465,0.634792220809,8.31665013077E-06
0.635859249454,0.635864537716,8.31665013104E-06
0.636910968594,0.636916265604,8.31665013180E-06
0.637942303544,0.637947609131,8.31665013234E-06
0.638953456929,0.638958770926,8.31665013254E-06
0.639944629359,0.639949951599,8.31665013263E-06
0.640916019449,0.640921349768,8.31665013321E-06
0.641867823843,0.641873162078,8.31665013369E-06
0.642800237227,0.642805583216,8.31665013386E-06
0.643713452353,0.643718805937,8.31665013425E-06
0.644607660057,0.644613021078,8.31665013472E-06
0.645483049279,0.645488417580,8.31665013522E-06
0.646339807078,0.646345182505,8.31665013542E-06
0.647178118657,0.647183501056,8.31665013576E-06
0.647998167376,0.648003556595,8.31665013613E-06
0.648800134773,0.648805530662,8.31665013669E-06
0.649584200581,0.649589602991,8.31665013712E-06
0.650350542747,0.650355951530,8.31665013758E-06
0.651099337449,0.651104752460,8.31665013799E-06
0.651830759114,0.651836180207,8.31665013843E-06
0.652544980433,0.652550407467,8.31665013851E-06
0.653242172385,0.653247605216,8.31665013874E-06
0.653922504244,0.653927942734,8.31665013904E-06
0.654586143605,0.654591587614,8.31665013930E-06
0.655233256396,0.655238705787,8.31665013975E-06
0.655864006896,0.655869461533,8.31665014053E-06
0.656478557750,0.656484017498,8.31665014115E-06
0.657077069988,0.657082534713,8.31665014149E-06
0.657659703037,0.657665172608,8.31665014175E-06
0.658226614741,0.658232089027,8.31665014209E-06
0.658777961375,0.658783440246,8.31665014239E-06
0.659313897659,0.659319380988,8.31665014264E-06
0.659834576777,0.659840064436,8.31665014265E-06
0.660340150390,0.660345642254,8.31665014311E-06
0.660830768650,0.660836264594,8.31665014335E-06
0.661306580217,0.661312080118,8.31665014351E-06
0.661767732274,0.661773236010,8.31665014400E-06
0.662214370541,0.662219877992,8.31665014434E-06
0.662646639288,0.662652150334,8.31665014513E-06
0.663064681353,0.663070195876,8.31665014570E-06
0.663468638154,0.663474156036,8.31665014646E-06
0.663858649700,0.663864170826,8.31665014702E-06
0.664234854612,0.664240378867,8.31665014787E-06
0.664597390132,0.664602917402,8.31665014838E-06
0.664946392137,0.664951922310,8.31665014927E-06
0.665281995154,0.665287528118,8.31665014997E-06
0.665604332373,0.665609868017,8.31665015043E-06
0.665913535659,0.665919073875,8.31665015096E-06
0.666209735568,0.666215276247,8.31665015159E-06
0.666493061356,0.666498604391,8.31665015219E-06
0.666763640995,0.666769186281,8.31665015269E-06
0.667021601187,0.667027148618,8.31665015340E-06
0.667267067371,0.667272616844,8.31665015418E-06
0.667500163743,0.667505715154,8.31665015480E-06
0.667721013260,0.667726566508,8.31665015526E-06
0.667929737660,0.667935292644,8.31665015601E-06
0.668126457470,0.668132014091,8.31665015677E-06
0.668311292020,0.668316850177,8.31665015769E-06
0.668484359451,0.668489919048,8.31665015827E-06
0.668645776732,0.668651337672,8.31665015914E-06
0.668795659670,0.668801221855,8.31665015964E-06
0.668934122917,0.668939686255,8.31665016045E-06
0.669061279990,0.669066844385,8.31665016118E-06
0.669177243275,0.669182808635,8.31665016234E-06
0.669282124041,0.669287690273,8.31665016288E-06
0.669376032452,0.669381599465,8.31665016376E-06
0.669459077575,0.669464645279,8.31665016424E-06
0.669531367395,0.669536935700,8.31665016514E-06
0.669593008823,0.669598577640,8.31665016583E-06
0.669644107706,0.669649676948,8.31665016648E-06
0.669684768840,0.669690338420,8.31665016752E-06
0.669715095979,0.669720665811,8.31665016842E-06
0.669735191846,0.669740761846,8.31665016968E-06
0.669745158143,0.669750728226,8.31665017055E-06
0.669745095561,0.669750665643,8.31665017155E-06
0.669735103789,0.669740673787,8.31665017240E-06
0.669715281525,0.669720851360,8.31665017367E-06
0.669685726489,0.669691296078,8.31665017467E-06
0.669646535427,0.669652104689,8.31665017569E-06
0.669597804122,0.669603372979,8.31665017669E-06
0.669539627408,0.669545195781,8.31665017783E-06
0.669472099175,0.669477666986,8.31665017874E-06
0.669395312379,0.669400879552,8.31665017984E-06
0.669309359054,0.669314925512,8.31665018076E-06
0.669214330316,0.669219895984,8.31665018189E-06
0.669110316378,0.669115881181,8.31665018277E-06
0.668997406556,0.669002970419,8.31665018362E-06
0.668875689276,0.668881252128,8.31665018458E-06
0.668745252088,0.668750813855,8.31665018545E-06
0.668606181670,0.668611742280,8.31665018602E-06
0.668458563839,0.668464123221,8.31665018689E-06
0.668302483557,0.668308041641,8.31665018776E-06
0.668138024945,0.668143581661,8.31665018825E-06
0.667965271284,0.667970826564,8.31665018906E-06
0.667784305031,0.667789858806,8.31665019007E-06
0.667595207821,0.667600760023,8.31665019089E-06
0.667398060477,0.667403611039,8.31665019192E-06
0.667192943020,0.667198491876,8.31665019262E-06
0.666979934675,0.666985481760,8.31665019350E-06
0.666759113880,0.666764659129,8.31665019445E-06
0.666530558293,0.666536101641,8.31665019539E-06
0.666294344800,0.666299886183,8.31665019607E-06
0.666050549522,0.666056088877,8.31665019711E-06
0.665799247824,0.665804785090,8.31665019790E-06
0.665540514323,0.665546049436,8.31665019869E-06
0.665274422892,0.665279955793,8.31665019950E-06
0.665001046671,0.665006577299,8.31665020049E-06
0.664720458074,0.664725986368,8.31665020126E-06
0.664432728793,0.664438254694,8.31665020205E-06
0.664137929808,0.664143453257,8.31665020266E-06
0.663836131395,0.663841652334,8.31665020322E-06
0.663527403129,0.663532921500,8.31665020405E-06
0.663211813896,0.663217329642,8.31665020463E-06
0.662889431894,0.662894944960,8.31665020532E-06
0.662560324647,0.662565834975,8.31665020626E-06
0.662224559005,0.662230066540,8.31665020681E-06
0.661882201153,0.661887705842,8.31665020731E-06
0.661533316622,0.661538818409,8.31665020829E-06
0.661177970287,0.661183469118,8.31665020910E-06
0.660816226380,0.660821722203,8.31665020996E-06
0.660448148496,0.660453641258,8.31665021057E-06
0.660073799596,0.660079289244,8.31665021117E-06
0.659693242015,0.659698728499,8.31665021185E-06
0.659306537469,0.659312020737,8.31665021241E-06
0.658913747062,0.658919227063,8.31665021264E-06
0.658514931287,0.658520407971,8.31665021326E-06
0.658110150040,0.658115623357,8.31665021383E-06
0.657699462617,0.657704932519,8.31665021416E-06
0.657282927729,0.657288394167,8.31665021461E-06
0.656860603501,0.656866066427,8.31665021515E-06
0.656432547480,0.656438006846,8.31665021545E-06
0.655998816643,0.656004272401,8.31665021549E-06
0.655559467397,0.655564919501,8.31665021620E-06
0.655114555592,0.655120003996,8.31665021643E-06
0.654664136521,0.654669581179,8.31665021722E-06
0.654208264929,0.654213705795,8.31665021755E-06
0.653746995013,0.653752432044,8.31665021809E-06
0.653280380436,0.653285813586,8.31665021905E-06
0.652808474325,0.652813903550,8.31665021979E-06
0.652331329278,0.652336754535,8.31665022044E-06
0.651848997373,0.651854418618,8.31665022132E-06
0.651361530168,0.651366947359,8.31665022205E-06
0.650868978710,0.650874391805,8.31665022316E-06
0.650371393537,0.650376802493,8.31665022398E-06
0.649868824686,0.649874229463,8.31665022481E-06
0.649361321696,0.649366722252,8.31665022566E-06
0.648848933614,0.648854329908,8.31665022667E-06
0.648331708999,0.648337100992,8.31665022723E-06
0.647809695927,0.647815083578,8.31665022830E-06
0.647282941997,0.647288325268,8.31665022943E-06
0.646751494334,0.646756873185,8.31665023042E-06
0.646215399596,0.646220773989,8.31665023124E-06
0.645674703976,0.645680073871,8.31665023236E-06
0.645129453207,0.645134818568,8.31665023344E-06
0.644579692569,0.644585053358,8.31665023415E-06
0.644025466892,0.644030823071,8.31665023515E-06
0.643466820559,0.643472172092,8.31665023578E-06
0.642903797512,0.642909144363,8.31665023661E-06
0.642336441258,0.642341783390,8.31665023729E-06
0.641764794870,0.641770132248,8.31665023769E-06
0.641188900992,0.641194233581,8.31665023860E-06
0.640608801847,0.640614129611,8.31665023918E-06
0.640024539235,0.640029862139,8.31665023972E-06
0.639436154542,0.639441472554,8.31665024068E-06
0.638843688744,0.638849001828,8.31665024132E-06
0.638247182407,0.638252490530,8.31665024232E-06
0.637646675696,0.637651978825,8.31665024288E-06
0.637042208375,0.637047506477,8.31665024356E-06
0.636433819815,0.636439112856,8.31665024432E-06
0.635821548992,0.635826836941,8.31665024501E-06
0.635205434498,0.635210717323,8.31665024583E-06
0.634585514540,0.634590792210,8.31665024676E-06
0.633961826946,0.633967099428,8.31665024752E-06
0.633334409166,0.633339676430,8.31665024801E-06
0.632703298280,0.632708560296,8.31665024883E-06
0.632068530998,0.632073787735,8.31665024998E-06
0.631430143667,0.631435395094,8.31665025082E-06
0.630788172269,0.630793418357,8.31665025159E-06
0.630142652433,0.630147893152,8.31665025216E-06
0.629493619429,0.629498854751,8.31665025282E-06
0.628841108181,0.628846338076,8.31665025394E-06
0.628185153262,0.628190377702,8.31665025462E-06
0.627525788904,0.627531007860,8.31665025553E-06
0.626863048998,0.626868262442,8.31665025689E-06
0.626196967098,0.626202175002,8.31665025789E-06
0.625527576423,0.625532778760,8.31665025896E-06
0.624854909864,0.624860106607,8.31665025998E-06
0.624178999984,0.624184191106,8.31665026086E-06
0.623499879023,0.623505064497,8.31665026197E-06
0.622817578900,0.622822758699,8.31665026293E-06
0.622132131216,0.622137305314,8.31665026370E-06
0.621443567259,0.621448735631,8.31665026465E-06
0.620751918006,0.620757080625,8.31665026519E-06
0.620057214125,0.620062370967,8.31665026594E-06
0.619359485980,0.619364637020,8.31665026682E-06
0.618658763634,0.618663908845,8.31665026782E-06
0.617955076849,0.617960216208,8.31665026867E-06
0.617248455093,0.617253588575,8.31665026965E-06
0.616538927540,0.616544055121,8.31665027103E-06
0.615826523074,0.615831644731,8.31665027216E-06
0.615111270294,0.615116386002,8.31665027351E-06
0.614393197511,0.614398307247,8.31665027475E-06
0.613672332758,0.613677436498,8.31665027572E-06
0.612948703787,0.612953801510,8.31665027715E-06
0.612222338076,0.612227429758,8.31665027842E-06
0.611493262829,0.611498348446,8.31665027958E-06
0.610761504978,0.610766584510,8.31665028106E-06
0.610027091190,0.610032164615,8.31665028257E-06
0.609290047866,0.609295115161,8.31665028363E-06
0.608550401144,0.608555462287,8.31665028477E-06
0.607808176903,0.607813231873,8.31665028571E-06
0.607063400763,0.607068449539,8.31665028713E-06
0.606316098091,0.606321140652,8.31665028807E-06
0.605566294002,0.605571330327,8.31665028903E-06
0.604814013360,0.604819043429,8.31665029024E-06
0.604059280784,0.604064304576,8.31665029133E-06
0.603302120645,0.603307138140,8.31665029234E-06
0.602542557076,0.602547568253,8.31665029332E-06
0.601780613965,0.601785618806,8.31665029454E-06
0.601016314967,0.601021313451,8.31665029545E-06
0.600249683500,0.600254675608,8.31665029674E-06
0.599480742750,0.599485728463,8.31665029809E-06
0.598709515670,0.598714494969,8.31665029938E-06
0.597936024988,0.597940997854,8.31665030054E-06
0.597160293205,0.597165259620,8.31665030201E-06
0.596382342598,0.596387302543,8.31665030308E-06
0.595602195223,0.595607148679,8.31665030448E-06
0.594819872915,0.594824819865,8.31665030568E-06
0.594035397295,0.594040337721,8.31665030676E-06
0.593248789767,0.593253723651,8.31665030841E-06
0.592460071523,0.592464998848,8.31665030959E-06
0.591669263544,0.591674184291,8.31665031111E-06
0.590876386602,0.590881300756,8.31665031257E-06
0.590081461264,0.590086368806,8.31665031388E-06
0.589284507891,0.589289408805,8.31665031514E-06
0.588485546642,0.588490440911,8.31665031654E-06
0.587684597476,0.587689485084,8.31665031823E-06
0.586881680154,0.586886561085,8.31665031999E-06
0.586076814240,0.586081688476,8.31665032112E-06
0.585270019103,0.585274886629,8.31665032241E-06
0.584461313920,0.584466174720,8.31665032373E-06
0.583650717677,0.583655571736,8.31665032524E-06
0.582838249173,0.582843096475,8.31665032670E-06
0.582023927018,0.582028767547,8.31665032811E-06
0.581207769637,0.581212603379,8.31665032997E-06
0.580389795274,0.580394622213,8.31665033141E-06
0.579570021990,0.579574842111,8.31665033263E-06
0.578748467666,0.578753280955,8.31665033410E-06
0.577925150007,0.577929956448,8.31665033540E-06
0.577100086541,0.577104886120,8.31665033671E-06
0.576273294621,0.576278087324,8.31665033803E-06
0.575444791428,0.575449577241,8.31665033956E-06
0.574614593974,0.574619372882,8.31665034142E-06
0.573782719100,0.573787491089,8.31665034293E-06
0.572949183479,0.572953948536,8.31665034446E-06
0.572114003620,0.572118761732,8.31665034608E-06
0.571277195867,0.571281947019,8.31665034734E-06
0.570438776402,0.570443520582,8.31665034898E-06
0.569598761246,0.569603498439,8.31665035038E-06
0.568757166260,0.568761896454,8.31665035132E-06
0.567914007149,0.567918730330,8.31665035289E-06
0.567069299459,0.567074015616,8.31665035397E-06
0.566223058585,0.566227767704,8.31665035495E-06
0.565375299767,0.565380001835,8.31665035626E-06
0.564526038093,0.564530733098,8.31665035747E-06
0.563675288503,0.563679976432,8.31665035855E-06
0.562823065786,0.562827746627,8.31665035933E-06
0.561969384585,0.561974058327,8.31665036080E-06
0.561114259400,0.561118926030,8.31665036157E-06
0.560257704582,0.560262364088,8.31665036258E-06
0.559399734344,0.559404386715,8.31665036393E-06
0.558540362754,0.558545007978,8.31665036523E-06
0.557679603743,0.557684241808,8.31665036638E-06
0.556817471102,0.556822101997,8.31665036735E-06
0.555953978486,0.555958602199,8.31665036837E-06
0.555089139412,0.555093755932,8.31665036992E-06
0.554222967265,0.554227576582,8.31665037086E-06
0.553355475296,0.553360077398,8.31665037188E-06
0.552486676624,0.552491271501,8.31665037340E-06
0.551616584239,0.551621171879,8.31665037464E-06
0.550745211000,0.550749791393,8.31665037613E-06
0.549872569639,0.549877142775,8.31665037750E-06
0.548998672762,0.549003238630,8.31665037871E-06
0.548123532849,0.548128091439,8.31665038038E-06
0.547247162257,0.547251713558,8.31665038179E-06
0.546369573217,0.546374117220,8.31665038285E-06
0.545490777843,0.545495314537,8.31665038431E-06
0.544610788125,0.544615317500,8.31665038551E-06
0.543729615935,0.543734137982,8.31665038679E-06
0.542847273029,0.542851787737,8.31665038784E-06
0.541963771041,0.541968278402,8.31665038932E-06
0.541079121496,0.541083621499,8.31665039040E-06
0.540193335799,0.540197828435,8.31665039159E-06
0.539306425244,0.539310910504,8.31665039288E-06
0.538418401012,0.538422878887,8.31665039416E-06
0.537529274174,0.537533744655,8.31665039598E-06
0.536639055690,0.536643518767,8.31665039752E-06
0.535747756412,0.535752212076,8.31665039900E-06
0.534855387082,0.534859835324,8.31665040109E-06
0.533961958337,0.533966399149,8.31665040280E-06
0.533067480709,0.533071914082,8.31665040457E-06
0.532171964623,0.532176390548,8.31665040640E-06
0.531275420401,0.531279838870,8.31665040801E-06
0.530377858265,0.530382269269,8.31665041013E-06
0.529479288331,0.529483691862,8.31665041192E-06
0.528579720619,0.528584116668,8.31665041372E-06
0.527679165045,0.527683553605,8.31665041573E-06
0.526777631431,0.526782012493,8.31665041741E-06
0.525875129497,0.525879503053,8.31665041913E-06
0.524971668869,0.524976034912,8.31665042108E-06
0.524067259078,0.524071617598,8.31665042288E-06
0.523161909557,0.523166260547,8.31665042457E-06
0.522255629647,0.522259973101,8.31665042641E-06
0.521348428598,0.521352764507,8.31665042866E-06
0.520440315566,0.520444643922,8.31665043028E-06
0.519531299616,0.519535620412,8.31665043167E-06
0.518621389723,0.518625702951,8.31665043361E-06
0.517710594773,0.517714900427,8.31665043512E-06
0.516798923564,0.516803221636,8.31665043681E-06
0.515886384806,0.515890675289,8.31665043838E-06
0.514972987124,0.514977270009,8.31665043982E-06
0.514058739054,0.514063014336,8.31665044165E-06
0.513143649050,0.513147916722,8.31665044319E-06
0.512227725481,0.512231985535,8.31665044443E-06
0.511310976633,0.511315229063,8.31665044632E-06
0.510393410709,0.510397655508,8.31665044765E-06
0.509475035832,0.509479272993,8.31665044943E-06
0.508555860042,0.508560089559,8.31665045091E-06
0.507635891301,0.507640113167,8.31665045224E-06
0.506715137491,0.506719351699,8.31665045418E-06
0.505793606416,0.505797812960,8.31665045530E-06
0.504871305802,0.504875504675,8.31665045651E-06
0.503948243298,0.503952434495,8.31665045805E-06
0.503024426479,0.503028609992,8.31665045938E-06
0.502099862841,0.502104038665,8.31665046059E-06
0.501174559808,0.501178727937,8.31665046165E-06
0.500248524731,0.500252685158,8.31665046310E-06
0.499321764887,0.499325917606,8.31665046413E-06
0.498394287478,0.498398432484,8.31665046504E-06
0.497466099639,0.497470236925,8.31665046598E-06
0.496537208431,0.496541337991,8.31665046673E-06
0.495607620845,0.495611742675,8.31665046756E-06
0.494677343805,0.494681457897,8.31665046812E-06
0.493746384163,0.493750490513,8.31665046857E-06
0.492814748704,0.492818847306,8.31665046916E-06
0.491882444147,0.491886534995,8.31665046973E-06
0.490949477142,0.490953560231,8.31665047034E-06
0.490015854275,0.490019929599,8.31665047037E-06
0.489081582064,0.489085649618,8.31665047063E-06
0.488146666965,0.488150726744,8.31665047101E-06
0.487211115368,0.487215167366,8.31665047123E-06
0.486274933599,0.486278977811,8.31665047142E-06
0.485338127924,0.485342164345,8.31665047185E-06
0.484400704543,0.484404733168,8.31665047195E-06
0.483462669597,0.483466690421,8.31665047206E-06
0.482524029165,0.482528042182,8.31665047255E-06
0.481584789266,0.481588794472,8.31665047289E-06
0.480644955859,0.480648953248,8.31665047286E-06
0.479704534843,0.479708524411,8.31665047306E-06
0.478763532059,0.478767513801,8.31665047324E-06
0.477821953290,0.477825927202,8.31665047336E-06
0.476879804262,0.476883770338,8.31665047378E-06
0.475937090643,0.475941048879,8.31665047426E-06
0.474993818046,0.474997768436,8.31665047480E-06
0.474049992026,0.474053934567,8.31665047478E-06
0.473105618085,0.473109552772,8.31665047521E-06
0.472160701670,0.472164628498,8.31665047564E-06
0.471215248172,0.471219167137,8.31665047607E-06
0.470269262931,0.470273174028,8.31665047641E-06
0.469322751232,0.469326654457,8.31665047702E-06
0.468375718308,0.468379613657,8.31665047695E-06
0.467428169341,0.467432056810,8.31665047748E-06
0.466480109459,0.466483989044,8.31665047794E-06
0.465531543743,0.465535415438,8.31665047849E-06
0.464582477219,0.464586341021,8.31665047882E-06
0.463632914866,0.463636770771,8.31665047922E-06
0.462682861613,0.462686709617,8.31665047950E-06
0.461732322339,0.461736162438,8.31665047965E-06
0.460781301876,0.460785134065,8.31665048006E-06
0.459829805006,0.459833629282,8.31665048018E-06
0.458877836466,0.458881652824,8.31665048018E-06
0.457925400944,0.457929209381,8.31665048014E-06
0.456972503081,0.456976303593,8.31665048023E-06
0.456019147474,0.456022940057,8.31665048003E-06
0.455065338672,0.455069123323,8.31665048018E-06
0.454111081181,0.454114857895,8.31665048021E-06
0.453156379460,0.453160148235,8.31665047996E-06
0.452201237926,0.452204998757,8.31665047924E-06
0.451245660951,0.451249413834,8.31665047916E-06
0.450289652861,0.450293397794,8.31665047892E-06
0.449333217944,0.449336954923,8.31665047851E-06
0.448376360442,0.448380089463,8.31665047822E-06
0.447419084555,0.447422805614,8.31665047789E-06
0.446461394443,0.446465107537,8.31665047726E-06
0.445503294222,0.445506999348,8.31665047709E-06
0.444544787970,0.444548485124,8.31665047691E-06
0.443585879722,0.443589568902,8.31665047676E-06
0.442626573475,0.442630254676,8.31665047643E-06
0.441666873184,0.441670546404,8.31665047633E-06
0.440706782767,0.440710448002,8.31665047598E-06
0.439746306101,0.439749963348,8.31665047564E-06
0.438785447027,0.438789096282,8.31665047564E-06
0.437824209344,0.437827850605,8.31665047556E-06
0.436862596817,0.436866230081,8.31665047515E-06
0.435900613172,0.435904238435,8.31665047489E-06
0.434938262097,0.434941879357,8.31665047469E-06
0.433975547246,0.433979156499,8.31665047428E-06
0.433012472234,0.433016073477,8.31665047407E-06
0.432049040641,0.432052633871,8.31665047375E-06
0.431085256011,0.431088841227,8.31665047345E-06
0.430121121855,0.430124699052,8.31665047242E-06
0.429156641646,0.429160210822,8.31665047214E-06
0.428191818824,0.428195379976,8.31665047167E-06
0.427226656796,0.427230209920,8.31665047109E-06
0.426261158932,0.426264704026,8.31665047091E-06
0.425295328570,0.425298865632,8.31665047072E-06
0.424329169018,0.424332698044,8.31665047011E-06
0.423362683545,0.423366204534,8.31665046995E-06
0.422395875393,0.422399388341,8.31665046968E-06
0.421428747768,0.421432252673,8.31665046922E-06
0.420461303847,0.420464800705,8.31665046886E-06
0.419493546773,0.419497035583,8.31665046833E-06
0.418525479659,0.418528960418,8.31665046772E-06
0.417557105587,0.417560578292,8.31665046720E-06
0.416588427609,0.416591892258,8.31665046687E-06
0.415619448744,0.415622905335,8.31665046626E-06
0.414650171985,0.414653620514,8.31665046549E-06
0.413680600292,0.413684040758,8.31665046447E-06
0.412710736598,0.412714168997,8.31665046385E-06
0.411740583803,0.411744008134,8.31665046269E-06
0.410770144784,0.410773561044,8.31665046200E-06
0.409799422383,0.409802830570,8.31665046135E-06
0.408828419419,0.408831819530,8.31665046073E-06
0.407857138680,0.407860530714,8.31665045988E-06
0.406885582928,0.406888966881,8.31665045941E-06
0.405913754895,0.405917130766,8.31665045909E-06
0.404941657290,0.404945025076,8.31665045845E-06
0.403969292790,0.403972652490,8.31665045812E-06
0.402996664050,0.403000015661,8.31665045802E-06
0.402023773696,0.402027117215,8.31665045725E-06
0.401050624328,0.401053959754,8.31665045712E-06
0.400077218522,0.400080545852,8.31665045697E-06
0.399103558825,0.399106878057,8.31665045639E-06
0.398129647762,0.398132958895,8.31665045607E-06
0.397155487832,0.397158790863,8.31665045596E-06
0.396181081508,0.396184376435,8.31665045555E-06
0.395206431240,0.395209718061,8.31665045498E-06
0.394231539452,0.394234818165,8.31665045479E-06
0.393256408546,0.393259679149,8.31665045472E-06
0.392281040897,0.392284303389,8.31665045421E-06
0.391305438860,0.391308693238,8.31665045373E-06
0.390329604765,0.390332851026,8.31665045384E-06
0.389353540917,0.389356779061,8.31665045376E-06
0.388377249601,0.388380479626,8.31665045417E-06
0.387400733078,0.387403954981,8.31665045439E-06
0.386423993586,0.386427207366,8.31665045452E-06
0.385447033343,0.385450238998,8.31665045410E-06
0.384469854541,0.384473052069,8.31665045418E-06
0.383492459355,0.383495648754,8.31665045411E-06
0.382514849934,0.382518031203,8.31665045372E-06
0.381537028408,0.381540201545,8.31665045371E-06
0.380558996886,0.380562161889,8.31665045353E-06
0.379580757455,0.379583914322,8.31665045277E-06
0.378602312182,0.378605460911,8.31665045251E-06
0.377623663113,0.377626803703,8.31665045209E-06
0.376644812273,0.376647944722,8.31665045158E-06
0.375665761668,0.375668885975,8.31665045134E-06
0.374686513285,0.374689629448,8.31665045130E-06
0.373707069088,0.373710177105,8.31665045080E-06
0.372727431025,0.372730530895,8.31665045047E-06
0.371747601023,0.371750692743,8.31665045037E-06
0.370767580988,0.370770664558,8.31665045037E-06
0.369787372812,0.369790448230,8.31665045017E-06
0.368806978362,0.368810045627,8.31665044988E-06
0.367826399492,0.367829458601,8.31665045021E-06
0.366845638035,0.366848688987,8.31665045014E-06
0.365864695805,0.365867738599,8.31665045045E-06
0.364883574599,0.364886609233,8.31665045065E-06
0.363902276196,0.363905302669,8.31665045081E-06
0.362920802358,0.362923820669,8.31665045019E-06
0.361939154829,0.361942164975,8.31665045041E-06
0.360957335335,0.360960337315,8.31665045061E-06
0.359975345585,0.359978339399,8.31665045048E-06
0.358993187272,0.358996172918,8.31665045085E-06
0.358010862072,0.358013839548,8.31665045094E-06
0.357028371643,0.357031340948,8.31665045052E-06
0.356045717628,0.356048678760,8.31665045081E-06
0.355062901653,0.355065854612,8.31665045094E-06
0.354079925328,0.354082870111,8.31665045072E-06
0.353096790246,0.353099726853,8.31665045097E-06
0.352113497986,0.352116426415,8.31665045114E-06
0.351130050111,0.351132970361,8.31665045077E-06
0.350146448166,0.350149360236,8.31665045050E-06
0.349162693684,0.349165597573,8.31665045043E-06
0.348178788181,0.348181683887,8.31665045037E-06
0.347194733158,0.347197620680,8.31665045003E-06
0.346210530102,0.346213409438,8.31665044944E-06
0.345226180483,0.345229051632,8.31665044918E-06
0.344241685759,0.344244548720,8.31665044857E-06
0.343257047371,0.343259902144,8.31665044822E-06
0.342272266749,0.342275113332,8.31665044782E-06
0.341287345306,0.341290183697,8.31665044725E-06
0.340302284442,0.340305114640,8.31665044621E-06
0.339317085542,0.339319907547,8.31665044592E-06
0.338331749979,0.338334563789,8.31665044578E-06
0.337346279111,0.337349084726,8.31665044473E-06
0.336360674284,0.336363471701,8.31665044433E-06
0.335374936828,0.335377726047,8.31665044399E-06
0.334389068062,0.334391849082,8.31665044265E-06
0.333403069292,0.333405842112,8.31665044237E-06
0.332416941809,0.332419706428,8.31665044204E-06
0.331430686894,0.331433443310,8.31665044139E-06
0.330444305812,0.330447054025,8.31665044130E-06
0.329457799819,0.329460539827,8.31665044110E-06
0.328471170155,0.328473901957,8.31665044079E-06
0.327484418050,0.327487141646,8.31665044018E-06
0.326497544721,0.326500260109,8.31665044006E-06
0.325510551373,0.325513258553,8.31665043998E-06
0.324523439199,0.324526138169,8.31665043933E-06
0.323536209380,0.323538900140,8.31665043877E-06
0.322548863086,0.322551545634,8.31665043863E-06
0.321561401474,0.321564075810,8.31665043814E-06
0.320573825691,0.320576491814,8.31665043785E-06
0.319586136872,0.319588794780,8.31665043759E-06
0.318598336140,0.318600985833,8.31665043714E-06
0.317610424608,0.317613066085,8.31665043618E-06
0.316622403376,0.316625036636,8.31665043596E-06
0.315634273537,0.315636898578,8.31665043552E-06
0.314646036168,0.314648652991,8.31665043438E-06
0.313657692339,0.313660300942,8.31665043375E-06
0.312669243109,0.312671843491,8.31665043318E-06
0.311680689524,0.311683281685,8.31665043197E-06
0.310692032623,0.310694616561,8.31665043146E-06
0.309703273432,0.309705849147,8.31665043061E-06
0.308714412968,0.308716980459,8.31665042954E-06
0.307725452237,0.307728011504,8.31665042900E-06
0.306736392237,0.306738943278,8.31665042820E-06
0.305747233954,0.305749776768,8.31665042701E-06
0.304757978366,0.304760512952,8.31665042589E-06
0.303768626438,0.303771152797,8.31665042522E-06
0.302779179130,0.302781697259,8.31665042437E-06
0.301789637389,0.301792147288,8.31665042351E-06
0.300800002153,0.300802503822,8.31665042235E-06
0.299810274353,0.299812767791,8.31665042177E-06
0.298820454908,0.298822940114,8.31665042085E-06
0.297830544729,0.297833021702,8.31665042027E-06
0.296840544718,0.296843013458,8.31665041962E-06
0.295850455769,0.295852916274,8.31665041876E-06
0.294860278764,0.294862731035,8.31665041722E-06
0.293870014581,0.293872458615,8.31665041667E-06
0.292879664084,0.292882099882,8.31665041620E-06
0.291889228132,0.291891655693,8.31665041515E-06
0.290898707575,0.290901126898,8.31665041440E-06
0.289908103253,0.289910514337,8.31665041340E-06
0.288917415999,0.288919818845,8.31665041160E-06
0.287926646638,0.287929041243,8.31665041082E-06
0.286935795986,0.286938182350,8.31665041007E-06
0.285944864850,0.285947242973,8.31665040913E-06
0.284953854031,0.284956223912,8.31665040861E-06
0.283962764321,0.283965125960,8.31665040800E-06
0.282971596504,0.282973949899,8.31665040700E-06
0.281980351356,0.281982696508,8.31665040593E-06
0.280989029647,0.280991366554,8.31665040517E-06
0.279997632136,0.279999960798,8.31665040431E-06
0.279006159578,0.279008479994,8.31665040297E-06
0.278014612719,0.278016924889,8.31665040160E-06
0.277022992297,0.277025296220,8.31665040087E-06
0.276031299044,0.276033594719,8.31665039946E-06
0.275039533683,0.275041821110,8.31665039869E-06
0.274047696931,0.274049976109,8.31665039808E-06
0.273055789498,0.273058060427,8.31665039676E-06
0.272063812087,0.272066074765,8.31665039527E-06
0.271071765392,0.271074019820,8.31665039439E-06
0.270079650103,0.270081896280,8.31665039367E-06
0.269087466902,0.269089704827,8.31665039227E-06
0.268095216463,0.268097446136,8.31665039097E-06
0.267102899456,0.267105120875,8.31665038996E-06
0.266110516541,0.266112729707,8.31665038795E-06
0.265118068373,0.265120273286,8.31665038700E-06
0.264125555603,0.264127752261,8.31665038603E-06
0.263132978871,0.263135167274,8.31665038458E-06
0.262140338813,0.262142518961,8.31665038364E-06
0.261147636060,0.261149807951,8.31665038252E-06
0.260154871233,0.260157034868,8.31665038092E-06
0.259162044951,0.259164200329,8.31665037939E-06
0.258169157823,0.258171304944,8.31665037824E-06
0.257176210456,0.257178349318,8.31665037691E-06
0.256183203447,0.256185334051,8.31665037546E-06
0.255190137390,0.255192259734,8.31665037416E-06
0.254197012871,0.254199126956,8.31665037322E-06
0.253203830471,0.253205936297,8.31665037177E-06
0.252210590767,0.252212688332,8.31665037107E-06
0.251217294327,0.251219383631,8.31665037018E-06
0.250223941716,0.250226022758,8.31665036899E-06
0.249230533492,0.249232606272,8.31665036800E-06
0.248237070207,0.248239134725,8.31665036738E-06
0.247243552409,0.247245608665,8.31665036657E-06
0.246249980641,0.246252028633,8.31665036542E-06
0.245256355437,0.245258395166,8.31665036473E-06
0.244262677330,0.244264708795,8.31665036405E-06
0.243268946846,0.243270970046,8.31665036250E-06
0.242275164505,0.242277179439,8.31665036191E-06
0.241281330822,0.241283337491,8.31665036121E-06
0.240287446308,0.240289444711,8.31665036016E-06
0.239293511468,0.239295501605,8.31665035931E-06
0.238299526802,0.238301508673,8.31665035854E-06
0.237305492807,0.237307466410,8.31665035735E-06
0.236311409971,0.236313375307,8.31665035597E-06
0.235317278781,0.235319235848,8.31665035505E-06
0.234323099717,0.234325048516,8.31665035412E-06
0.233328873255,0.233330813785,8.31665035298E-06
0.232334599866,0.232336532128,8.31665035223E-06
0.231340280017,0.231342204009,8.31665035115E-06
0.230345914169,0.230347829892,8.31665034996E-06
0.229351502780,0.229353410232,8.31665034936E-06
0.228357046303,0.228358945484,8.31665034881E-06
0.227362545185,0.227364436096,8.31665034778E-06
0.226367999871,0.226369882510,8.31665034676E-06
0.225373410799,0.225375285166,8.31665034616E-06
0.224378778405,0.224380644500,8.31665034545E-06
0.223384103119,0.223385960942,8.31665034438E-06
0.222389385368,0.222391234918,8.31665034384E-06
0.221394625573,0.221396466850,8.31665034342E-06
0.220399824154,0.220401657157,8.31665034181E-06
0.219404981522,0.219406806252,8.31665034116E-06
0.218410098089,0.218411914545,8.31665034076E-06
0.217415174260,0.217416982441,8.31665033976E-06
0.216420210435,0.216422010342,8.31665033915E-06
0.215425207014,0.215426998645,8.31665033879E-06
0.214430164389,0.214431947744,8.31665033791E-06
0.213435082950,0.213436858029,8.31665033718E-06
0.212439963083,0.212441729886,8.31665033692E-06
0.211444805169,0.211446563697,8.31665033643E-06
0.210449609588,0.210451359839,8.31665033551E-06
0.209454376714,0.209456118687,8.31665033521E-06
0.208459106916,0.208460840612,8.31665033431E-06
0.207463800563,0.207465525982,8.31665033349E-06
0.206468458018,0.206470175158,8.31665033317E-06
0.205473079640,0.205474788502,8.31665033310E-06
0.204477665785,0.204479366369,8.31665033265E-06
0.203482216807,0.203483909111,8.31665033227E-06
0.202486733054,0.202488417079,8.31665033229E-06
0.201491214872,0.201492890618,8.31665033249E-06
0.200495662603,0.200497330069,8.31665033198E-06
0.199500076587,0.199501735773,8.31665033192E-06
0.198504457158,0.198506108064,8.31665033182E-06
0.197508804648,0.197510447274,8.31665033062E-06
0.196513119387,0.196514753732,8.31665033065E-06
0.195517401701,0.195519027764,8.31665033055E-06
0.194521651910,0.194523269692,8.31665032982E-06
0.193525870335,0.193527479836,8.31665032980E-06
0.192530057292,0.192531658511,8.31665032967E-06
0.191534213093,0.191535806029,8.31665032904E-06
0.190538338048,0.190539922702,8.31665032836E-06
0.189542432463,0.189544008834,8.31665032825E-06
0.188546496643,0.188548064731,8.31665032826E-06
0.187550530887,0.187552090692,8.31665032782E-06
0.186554535493,0.186556087015,8.31665032777E-06
0.185558510757,0.185560053995,8.31665032703E-06
0.184562456969,0.184563991923,8.31665032629E-06
0.183566374418,0.183567901088,8.31665032621E-06
0.182570263390,0.182571781776,8.31665032626E-06
0.181574124169,0.181575634270,8.31665032570E-06
0.180577957035,0.180579458851,8.31665032545E-06
0.179581762264,0.179583255795,8.31665032564E-06
0.178585540132,0.178587025378,8.31665032576E-06
0.177589290911,0.177590767871,8.31665032511E-06
0.176593014870,0.176594483544,8.31665032514E-06
0.175596712275,0.175598172664,8.31665032542E-06
0.174600383391,0.174601835494,8.31665032448E-06
0.173604028479,0.173605472295,8.31665032500E-06
0.172607647798,0.172609083327,8.31665032545E-06
0.171611241603,0.171612668845,8.31665032524E-06
0.170614810148,0.170616229104,8.31665032548E-06
0.169618353685,0.169619764353,8.31665032582E-06
0.168621872462,0.168623274843,8.31665032504E-06
0.167625366725,0.167626760818,8.31665032546E-06
0.166628836718,0.166630222524,8.31665032595E-06
0.165632282682,0.165633660199,8.31665032645E-06
0.164635704856,0.164637074085,8.31665032637E-06
0.163639103477,0.163640464417,8.31665032673E-06
0.162642478778,0.162643831429,8.31665032649E-06
0.161645830991,0.161647175354,8.31665032609E-06
0.160649160346,0.160650496420,8.31665032623E-06
0.159652467070,0.159653794855,8.31665032659E-06
0.158655751388,0.158657070884,8.31665032603E-06
0.157659013523,0.157660324729,8.31665032547E-06
0.156662253695,0.156663556611,8.31665032578E-06
0.155665472123,0.155666766749,8.31665032583E-06
0.154668669023,0.154669955359,8.31665032548E-06
0.153671844608,0.153673122653,8.31665032597E-06
0.152674999090,0.152676268846,8.31665032649E-06
0.151678132681,0.151679394145,8.31665032525E-06
0.150681245586,0.150682498759,8.31665032547E-06
0.149684338011,0.149685582894,8.31665032579E-06
0.148687410161,0.148688646753,8.31665032526E-06
0.147690462237,0.147691690537,8.31665032550E-06
0.146693494438,0.146694714446,8.31665032560E-06
0.145696506962,0.145697718679,8.31665032419E-06
0.144699500004,0.144700703429,8.31665032439E-06
0.143702473758,0.143703668891,8.31665032469E-06
0.142705428416,0.142706615257,8.31665032479E-06
0.141708364168,0.141709542717,8.31665032433E-06
0.140711281202,0.140712451458,8.31665032422E-06
0.139714179703,0.139715341666,8.31665032333E-06
0.138717059856,0.138718213527,8.31665032260E-06
0.137719921843,0.137721067221,8.31665032271E-06
0.136722765845,0.136723902930,8.31665032283E-06
0.135725592040,0.135726720832,8.31665032225E-06
0.134728400607,0.134729521105,8.31665032177E-06
0.133731191719,0.133732303924,8.31665032210E-06
0.132733965550,0.132735069461,8.31665032265E-06
0.131736722273,0.131737817890,8.31665032227E-06
0.130739462056,0.130740549380,8.31665032264E-06
0.129742185070,0.129743264099,8.31665032304E-06
0.128744891479,0.128745962214,8.31665032154E-06
0.127747581450,0.127748643891,8.31665032169E-06
0.126750255145,0.126751309292,8.31665032179E-06
0.125752912727,0.125753958579,8.31665032107E-06
0.124755554356,0.124756591913,8.31665032118E-06
0.123758180190,0.123759209452,8.31665032123E-06
0.122760790386,0.122761811353,8.31665031942E-06
0.121763385100,0.121764397772,8.31665031920E-06
0.120765964486,0.120766968862,8.31665031922E-06
0.119768528695,0.119769524776,8.31665031932E-06
0.118771077880,0.118772065665,8.31665031829E-06
0.117773612188,0.117774591678,8.31665031840E-06
0.116776131768,0.116777102963,8.31665031771E-06
0.115778636767,0.115779599666,8.31665031707E-06
0.114781127330,0.114782081932,8.31665031721E-06
0.113783603599,0.113784549905,8.31665031755E-06
0.112786065717,0.112787003727,8.31665031685E-06
0.111788513825,0.111789443539,8.31665031603E-06
0.110790948062,0.110791869479,8.31665031629E-06
0.109793368565,0.109794281686,8.31665031644E-06
0.108795775472,0.108796680296,8.31665031560E-06
0.107798168917,0.107799065444,8.31665031595E-06
0.106800549035,0.106801437265,8.31665031631E-06
0.105802915957,0.105803795890,8.31665031454E-06
0.104805269815,0.104806141451,8.31665031486E-06
0.103807610739,0.103808474078,8.31665031496E-06
0.102809938857,0.102810793899,8.31665031415E-06
0.101812254297,0.101813101041,8.31665031454E-06
0.100814557185,0.100815395631,8.31665031499E-06
0.0998168476445,0.0998176777932,8.31665031317E-06
0.0988191258004,0.0988199476514,8.31665031350E-06
0.0978213917746,0.0978222053277,8.31665031403E-06
0.0968236456881,0.0968244509432,8.31665031468E-06
0.0958258876609,0.0958266846180,8.31665031402E-06
0.0948281178117,0.0948289064705,8.31665031462E-06
0.0938303362578,0.0938311166184,8.31665031396E-06
0.0928325431158,0.0928333151780,8.31665031323E-06
0.0918347385008,0.0918355022646,8.31665031377E-06
0.0908369225268,0.0908376779920,8.31665031406E-06
0.0898390953067,0.0898398424733,8.31665031320E-06
0.0888412569524,0.0888419958202,8.31665031242E-06
0.0878434075745,0.0878441381435,8.31665031276E-06
0.0868455472826,0.0868462695527,8.31665031305E-06
0.0858476761852,0.0858483901562,8.31665031213E-06
0.0848497943896,0.0848505000616,8.31665031238E-06
0.0838519020023,0.0838525993750,8.31665031287E-06
0.0828539991285,0.0828546882020,8.31665031075E-06
0.0818560858724,0.0818567666465,8.31665031145E-06
0.0808581623373,0.0808588348120,8.31665031184E-06
0.0798602286254,0.0798608928005,8.31665031116E-06
0.0788622848377,0.0788629407132,8.31665031155E-06
0.0778643310745,0.0778649786503,8.31665031198E-06
0.0768663674349,0.0768670067109,8.31665030967E-06
0.0758683940170,0.0758690249932,8.31665031003E-06
0.0748704109182,0.0748710335944,8.31665031053E-06
0.0738724182345,0.0738730326107,8.31665031103E-06
0.0728744160614,0.0728750221375,8.31665031039E-06
0.0718764044931,0.0718770022690,8.31665031116E-06
0.0708783836229,0.0708789730986,8.31665031026E-06
0.0698803535435,0.0698809347188,8.31665030914E-06
0.0688823143462,0.0688828872211,8.31665030982E-06
0.0678842661218,0.0678848306962,8.31665031049E-06
0.0668862089600,0.0668867652338,8.31665030932E-06
0.0658881429496,0.0658886909228,8.31665030849E-06
0.0648900681786,0.0648906078511,8.31665030895E-06
0.0638919847340,0.0638925161057,8.31665030961E-06
0.0628938927021,0.0628944157730,8.31665030814E-06
0.0618957921683,0.0618963069382,8.31665030876E-06
0.0608976832170,0.0608981896859,8.31665030928E-06
0.0598995659319,0.0599000640998,8.31665030607E-06
0.0589014403958,0.0589019302626,8.31665030666E-06
0.0579033066909,0.0579037882564,8.31665030739E-06
0.0569051648982,0.0569056381625,8.31665030616E-06
0.0559070150982,0.0559074800612,8.31665030703E-06
0.0549088573705,0.0549093140321,8.31665030793E-06
0.0539106917938,0.0539111401539,8.31665030479E-06
0.0529125184463,0.0529129585048,8.31665030573E-06
0.0519143374050,0.0519147691620,8.31665030661E-06
0.0509161487466,0.0509165722020,8.31665030763E-06
0.0499179525467,0.0499183677004,8.31665030645E-06
0.0489197488804,0.0489201557322,8.31665030765E-06
0.0479215378217,0.0479219363717,8.31665030646E-06
0.0469233194442,0.0469237096923,8.31665030538E-06
0.0459250938207,0.0459254757668,8.31665030650E-06
0.0449268610231,0.0449272346672,8.31665030790E-06
0.0439286211229,0.0439289864649,8.31665030669E-06
0.0429303741905,0.0429307312304,8.31665030550E-06
0.0419321202959,0.0419324690336,8.31665030685E-06
0.0409338595083,0.0409341999437,8.31665030804E-06
0.0399355918962,0.0399359240293,8.31665030661E-06
0.0389373175275,0.0389376413582,8.31665030802E-06
0.0379390364693,0.0379393519976,8.31665030928E-06
0.0369407487881,0.0369410560139,8.31665030461E-06
0.0359424545497,0.0359427534730,8.31665030589E-06
0.0349441538194,0.0349444444401,8.31665030726E-06
0.0339458466616,0.0339461289797,8.31665030558E-06
0.0329475331403,0.0329478071557,8.31665030741E-06
0.0319492133187,0.0319494790313,8.31665030921E-06
0.0309508872594,0.0309511446692,8.31665030400E-06
0.0299525550244,0.0299528041314,8.31665030597E-06
0.0289542166752,0.0289544574793,8.31665030780E-06
0.0279558722724,0.0279561047736,8.31665030989E-06
0.0269575218764,0.0269577460745,8.31665030811E-06
0.0259591655466,0.0259593814417,8.31665031021E-06
0.0249608033420,0.0249610109340,8.31665030797E-06
0.0239624353210,0.0239626346099,8.31665030534E-06
0.0229640615415,0.0229642525271,8.31665030762E-06
0.0219656820607,0.0219658647431,8.31665030992E-06
0.0209672969352,0.0209674713143,8.31665030696E-06
0.0199689062212,0.0199690722970,8.31665030397E-06
0.0189705099742,0.0189706677466,8.31665030656E-06
0.0179721082492,0.0179722577182,8.31665030335E-06
0.0169737011007,0.0169738422663,8.31665030608E-06
0.0159752885826,0.0159754214446,8.31665030929E-06
0.0149768707483,0.0149769953067,8.31665031287E-06
0.0139784476505,0.0139785639054,8.31665030097E-06
0.0129800193417,0.0129801272929,8.31665030451E-06
0.0119815858736,0.0119816855211,8.31665030878E-06
0.0109831472975,0.0109832386413,8.31665030357E-06
0.00998470366419,0.00998478670417,8.31665030854E-06
0.00898625502393,0.00898632976009,8.31665031474E-06
0.00798780142649,0.00798786785879,8.31665029469E-06
0.00698934292114,0.00698940104955,8.31665030063E-06
0.00599087955668,0.00599092938115,8.31665030866E-06
0.00499241138141,0.00499245290189,8.31665031983E-06
0.00399393844314,0.00399397165960,8.31665030902E-06
0.00299546078922,0.00299548570163,8.31665032796E-06
0.00199697846653,0.00199699507484,8.31665031052E-06
0.000998491521474,0.000998499825648,8.31665025793E-06
