3.62591942000405e-03,7.22278543664886e-03,1.07614920705564e-02,1.42128990007418e-02,1.75479855646589e-02,2.07381932240528e-02,2.37559896333484e-02,2.65756596933427e-02,2.91742928121141e-02,3.15328923674309e-02,3.36374870020450e-02,3.54800812791923e-02,3.70592563778196e-02,3.83802331783512e-02,3.94542523907840e-02,4.02972149188858e-02,4.09276537832903e-02,4.13642544338070e-02,4.16232677395555e-02,4.17162299654107e-02,4.16483871501055e-02,4.14181108005814e-02,4.10174093887256e-02,4.04334307583801e-02,3.96506681742860e-02,3.86534723499199e-02,3.74284550610708e-02,3.59664401965467e-02,3.42637458480280e-02,3.23227269157400e-02,3.01516362853905e-02,2.77639517138410e-02,2.51773584986534e-02,2.24125804142475e-02,1.94922253821540e-02,1.64397711532895e-02,1.32787708821102e-02,1.00323162019549e-02,6.72276010285910e-03,3.37167475751933e-03
7.84255277682596e-03,1.56062344538189e-02,2.32128142065802e-02,3.05854845421933e-02,3.76499148797841e-02,4.43356722967774e-02,5.05780572902820e-02,5.63203346370205e-02,6.15162532491905e-02,6.61326487638673e-02,7.01518191238367e-02,7.35732752760884e-02,7.64144229254305e-02,7.87097577965361e-02,8.05082822810806e-02,8.18690843731025e-02,8.28553386482556e-02,8.35273357959466e-02,8.39354363558752e-02,8.41139867292999e-02,8.40771701793734e-02,8.38174850227824e-02,8.33071005120180e-02,8.25018395836714e-02,8.13470960687760e-02,7.97847136992629e-02,7.77597892714387e-02,7.52265052704498e-02,7.21523870788553e-02,6.85207274871293e-02,6.43312410948960e-02,5.95992454238920e-02,5.43537923846026e-02,4.86352018378887e-02,4.24924045494666e-02,3.59804155575901e-02,2.91581573606517e-02,2.20867538886382e-02,1.48283313528473e-02,7.44529484467557e-03
1.22629906172713e-02,2.43757748931226e-02,3.61903744048994e-02,4.75634772249910e-02,5.83592703773844e-02,6.84527930175657e-02,7.77338495897337e-02,8.61114020210531e-02,9.35182093186187e-02,9.99153109699321e-02,1.05295777761970e-01,1.09687014812930e-01,1.13150845307465e-01,1.15780684200416e-01,1.17695372226130e-01,1.19029689041735e-01,1.19922148728016e-01,1.20501285972592e-01,1.20872112346946e-01,1.21104614570155e-01,1.21225999237238e-01,1.21217873139550e-01,1.21018785355530e-01,1.20531705340171e-01,1.19635248505230e-01,1.18196945861363e-01,1.16086687533049e-01,1.13188663329372e-01,1.09410595781162e-01,1.04689667560349e-01,9.89951312721290e-02,9.23280400616789e-02,8.47188007818129e-02,7.62233347180879e-02,6.69185772197366e-02,5.68979114810399e-02,4.62669615165016e-02,3.51399995547043e-02,2.36370736327888e-02,1.18818406771173e-02
1.64241383634107e-02,3.26061385070922e-02,4.83087013064495e-02,6.33044732347096e-02,7.73816446428360e-02,9.03501760414527e-02,1.02048652370514e-01,1.12351579516864e-01,1.21176706504896e-01,1.28491696896647e-01,1.34319218586781e-01,1.38739330723714e-01,1.41888000521952e-01,1.43950768876649e-01,1.45151063377418e-01,1.45733420611183e-01,1.45942810618756e-01,1.46002140867018e-01,1.46090609189752e-01,1.46325696961368e-01,1.46751207306564e-01,1.47332955482280e-01,1.47962674165206e-01,1.48469572866920e-01,1.48637946612532e-01,1.48228431990239e-01,1.47000123185943e-01,1.44730883737357e-01,1.41233783495346e-01,1.36368476803006e-01,1.30047271270337e-01,1.22236402564778e-01,1.12953513398478e-01,1.02262524369566e-01,9.02670418105764e-02,7.71032607303643e-02,6.29330695747234e-02,4.79378057486042e-02,3.23128805262211e-02,1.62633041885542e-02
1.98231747675277e-02,3.92951682322485e-02,5.80733792510763e-02,7.58326689836209e-02,9.22747847651094e-02,1.07138438179140e-01,1.20209953536394e-01,1.31334136357897e-01,1.40424682207822e-01,1.47473080662430e-01,1.52554623947125e-01,1.55829900690688e-01,1.57540173539058e-01,1.57995440368659e-01,1.57554835371036e-01,1.56600264143484e-01,1.55505517866531e-01,1.54604173063332e-01,1.54159999181666e-01,1.54343261272939e-01,1.55215428285285e-01,1.56723740778681e-01,1.58706102541469e-01,1.60905836112195e-01,1.62994853313298e-01,1.64602736059982e-01,1.65348347257568e-01,1.64870258390386e-01,1.62852698361522e-01,1.59044792221326e-01,1.53272212473329e-01,1.45441607017957e-01,1.35539028167303e-01,1.23623992209463e-01,1.09820821342228e-01,9.43086944413921e-02,7.73114908031142e-02,5.90881468718502e-02,3.99239156535085e-02,2.01226469904105e-02
2.19672535670871e-02,4.34642654991513e-02,6.40343337047983e-02,8.32481323214372e-02,1.00718056388860e-01,1.16113108882697e-01,1.29174092415703e-01,1.39728498890752e-01,1.47704037295641e-01,1.53139246028503e-01,1.56189196313739e-01,1.57124069890885e-01,1.56318607456307e-01,1.54231283631172e-01,1.51373625408975e-01,1.48272090708479e-01,1.45426730505977e-01,1.43271692959009e-01,1.42142032904885e-01,1.42249541494221e-01,1.43668368511825e-01,1.46330099512720e-01,1.50027999876411e-01,1.54430721823624e-01,1.59105820964471e-01,1.63552319622679e-01,1.67239613625101e-01,1.69648272826567e-01,1.70307693359231e-01,1.68826397805667e-01,1.64912590096873e-01,1.58384575768716e-01,1.49172223828249e-01,1.37311510287992e-01,1.22934401001335e-01,1.06256111635447e-01,8.75613450049443e-02,6.71906120907810e-02,4.55272862448925e-02,2.29856618944205e-02
2.24329304319261e-02,4.42782601218460e-02,6.49681843431052e-02,8.39747185061935e-02,1.00830060563719e-01,1.15147160281208e-01,1.26639990604454e-01,1.35142509259209e-01,1.40624678955361e-01,1.43203255499305e-01,1.43144520705691e-01,1.40856022472032e-01,1.36865078376021e-01,1.31783633153448e-01,1.26261989476062e-01,1.20937203844888e-01,1.16384104686811e-01,1.13076455004991e-01,1.11362327915263e-01,1.11452686296793e-01,1.13418171130679e-01,1.17188553124482e-01,1.22552472661380e-01,1.29159856129821e-01,1.36532567794628e-01,1.44088307720867e-01,1.51178781587755e-01,1.57138093746284e-01,1.61333864087472e-01,1.63213138344213e-01,1.62337330994054e-01,1.58403716945213e-01,1.51253922012353e-01,1.40871700790130e-01,1.27372988530210e-01,1.10991101863944e-01,9.20594314313221e-02,7.09933076592327e-02,4.82720933271675e-02,2.44220342118629e-02
2.09290082672432e-02,4.11717717875365e-02,6.00694646713710e-02,7.70181611209173e-02,9.14962795795701e-02,1.03091557347249e-01,1.11526605257219e-01,1.16681384031039e-01,1.18610079243624e-01,1.17548958291036e-01,1.13911175376151e-01,1.08264698501083e-01,1.01291289606429e-01,9.37282981273225e-02,8.63005455502569e-02,7.96548737495852e-02,7.43118710714359e-02,7.06452704424747e-02,6.88898078725962e-02,6.91670075488645e-02,7.15113726486338e-02,7.58809548098074e-02,8.21458680943904e-02,9.00612010639939e-02,9.92403742519938e-02,1.09146485653907e-01,1.19112202054094e-01,1.28387434804852e-01,1.36204336381178e-01,1.41845138514713e-01,1.44700298486178e-01,1.44309720148249e-01,1.40385338272959e-01,1.32817188136363e-01,1.21666842465111e-01,1.07152306925938e-01,8.96278458886661e-02,6.95613098086092e-02,4.75106570680863e-02,2.41006313586297e-02
1.73539453090985e-02,3.39639091593245e-02,4.91223452674122e-02,6.21943371643713e-02,7.26530867203806e-02,8.01137644184777e-02,8.43640549473307e-02,8.53887151421756e-02,8.33842140998874e-02,7.87582778518967e-02,7.21084951483292e-02,6.41751203298699e-02,5.57671789841243e-02,4.76686732928927e-02,4.05417040108519e-02,3.48511896766938e-02,3.08354193797440e-02,2.85343693743726e-02,2.78667730600512e-02,2.87269765869610e-02,3.10638273927048e-02,3.49105917340897e-02,4.03540493666964e-02,4.74546445449991e-02,5.61487254551158e-02,6.61706546345346e-02,7.70237904586754e-02,8.80093857292381e-02,9.83015124736694e-02,1.07043820374210e-01,1.13443496587601e-01,1.16845662978567e-01,1.16781470984126e-01,1.12990848664830e-01,1.05424825504047e-01,9.42333382610422e-02,7.97437491811587e-02,6.24340476708150e-02,4.29034371641645e-02,2.18419568972452e-02
1.18373753505963e-02,2.29399089638208e-02,3.26194886524787e-02,4.02807285100898e-02,4.54651828306362e-02,4.78920626210835e-02,4.74926770547340e-02,4.44343252706726e-02,3.91275179247300e-02,3.22086485800164e-02,2.44897011003563e-02,1.68693267135089e-02,1.02080324036803e-02,5.18489471676627e-03,2.16997761904595e-03,1.15567802825084e-03,1.78100317184411e-03,3.45350724019810e-03,5.53664812391719e-03,7.54518989404113e-03,9.28961517200446e-03,1.09286395988367e-02,1.29156927534172e-02,1.58535379153909e-02,2.02979761100534e-02,2.65697097096465e-02,3.46317819415618e-02,4.40648768265004e-02,5.41358012617581e-02,6.39251985027442e-02,7.24713271111797e-02,7.88957883331917e-02,8.24938524072313e-02,8.27867079825013e-02,7.95413652856254e-02,7.27666853943348e-02,6.26934620449430e-02,4.97447021551390e-02,3.45003717060395e-02,1.76593254603061e-02
4.75542958854720e-03,8.87869765343765e-03,1.17954888997625e-02,1.30456908108464e-02,1.23363197688974e-02,9.58811923048222e-03,4.97137520595845e-03,-1.07573180644927e-03,-7.85564741812647e-03,-1.44586051642835e-02,-1.98599397386297e-02,-2.30723288767985e-02,-2.33407661156788e-02,-2.03418657108404e-02,-1.43247658531898e-02,-6.12816674097677e-03,2.95864697137263e-03,1.14630528644420e-02,1.80452432494215e-02,2.17739622642016e-02,2.23037128613881e-02,1.99340923833093e-02,1.55495086310941e-02,1.04410721760005e-02,6.03005477875726e-03,3.55107895543445e-03,3.78441276813100e-03,6.91678922750399e-03,1.25585564406724e-02,1.98850713992899e-02,2.78369407721228e-02,3.53164442357875e-02,4.13418119894757e-02,4.51472273724760e-02,4.62333947993230e-02,4.43802345852700e-02,3.96335046338538e-02,3.22747572213510e-02,2.27812621622141e-02,1.17802292169070e-02
-3.28795530349126e-03,-6.98932849345016e-03,-1.14488392233917e-02,-1.68764390772222e-02,-2.32871417814214e-02,-3.04514047480148e-02,-3.78629891484269e-02,-4.47344928923099e-02,-5.00346177727261e-02,-5.25839021945101e-02,-5.12227484212829e-02,-4.50502879714259e-02,-3.37001479931029e-02,-1.75763994714050e-02,2.05391635121618e-03,2.31909081593985e-02,4.34472093093397e-02,6.04956817780457e-02,7.24606815255701e-02,7.81508108319776e-02,7.71435050054896e-02,6.97986323618312e-02,5.72440938323413e-02,4.12904956878150e-02,2.41977771652667e-02,8.28350791420041e-03,-4.52500570127134e-03,-1.30359703091147e-02,-1.69227156299690e-02,-1.66301999850385e-02,-1.31375611920489e-02,-7.68024126684917e-03,-1.50833104455750e-03,4.28499510207541e-03,8.86355335621547e-03,1.16905977611226e-02,1.25303763913806e-02,1.14228147111648e-02,8.64140806339540e-03,4.64103724436164e-03
-1.15165517796501e-02,-2.30994415126854e-02,-3.47377503996659e-02,-4.62703698037881e-02,-5.73226269526799e-02,-6.72596725347259e-02,-7.51670916606428e-02,-7.98738004311914e-02,-8.00372727512709e-02,-7.43128434773071e-02,-6.16191326378255e-02,-4.14796071414824e-02,-1.43625785885398e-02,1.81192912866564e-02,5.32992618287827e-02,8.78921259981331e-02,1.18649243043133e-01,1.42955748488625e-01,1.59112415373118e-01,1.66254791764702e-01,1.64109461764173e-01,1.52869322147740e-01,1.33317761767941e-01,1.07071929484364e-01,7.66632720457915e-02,4.52555695751401e-02,1.60479202056057e-02,-8.37972160657189e-03,-2.65011301623962e-02,-3.79325148142146e-02,-4.32308317713836e-02,-4.35509084399187e-02,-4.03002384039451e-02,-3.48690905085212e-02,-2.84558780275572e-02,-2.19757369425100e-02,-1.60306077430303e-02,-1.09208846907717e-02,-6.68377676536375e-03,-3.14826512146758e-03
-1.90700489831275e-02,-3.77352178243438e-02,-5.55102461794322e-02,-7.17559055970370e-02,-8.56202593404984e-02,-9.60055501630401e-02,-1.01575954166719e-01,-1.00827431692729e-01,-9.22462214764105e-02,-7.45801013352721e-02,-4.72224294958371e-02,-1.06480428037762e-02,3.32525499415982e-02,8.11643324095661e-02,1.28837564331242e-01,1.72020178593794e-01,2.07466112880199e-01,2.33508015548914e-01,2.49888851153590e-01,2.57002396889339e-01,2.55064399202151e-01,2.43760586465018e-01,2.22598490309747e-01,1.91736209121587e-01,1.52742004279355e-01,1.08763047060152e-01,6.39534127981817e-02,2.24668851813834e-02,-1.24737811517270e-02,-3.90643748848345e-02,-5.69074321279761e-02,-6.66743187232811e-02,-6.96647844503128e-02,-6.74175133951406e-02,-6.14325893293794e-02,-5.30059047205724e-02,-4.31515012146006e-02,-3.25855035269675e-02,-2.17507609827104e-02,-1.08674971350200e-02
-2.51133590685548e-02,-4.92517570706057e-02,-7.13662368578495e-02,-9.02700630860243e-02,-1.04597037974915e-01,-1.12797359738711e-01,-1.13192099124459e-01,-1.04114192702039e-01,-8.41673011707473e-02,-5.26214797594509e-02,-9.91478857803060e-03,4.18737547202652e-02,9.88443139697557e-02,1.55699505076104e-01,2.06891680284042e-01,2.48172927951926e-01,2.77805181457675e-01,2.96710009457534e-01,3.07419000524676e-01,3.12398825065311e-01,3.12616635548240e-01,3.06989543167349e-01,2.92935481590463e-01,2.67808245588880e-01,2.30573064788551e-01,1.82857149544707e-01,1.28801223216270e-01,7.38512230981193e-02,2.32106894661102e-02,-1.93034654956738e-02,-5.16804355512246e-02,-7.35310679218252e-02,-8.56094848613137e-02,-8.93052126005231e-02,-8.62404643096324e-02,-7.80035683645757e-02,-6.59998120424982e-02,-5.13887060244101e-02,-3.50803144172961e-02,-1.77703828737214e-02
-2.89494388121947e-02,-5.63024520707119e-02,-8.04088092517992e-02,-9.95252456344276e-02,-1.11807417461386e-01,-1.15353871813925e-01,-1.08329089529868e-01,-8.91986578090584e-02,-5.71070750765690e-02,-1.23977661944803e-02,4.28136620997079e-02,1.04257942976181e-01,1.65718558151190e-01,2.20175748702836e-01,2.61802082856972e-01,2.88013802786228e-01,3.00381557157220e-01,3.03707378737276e-01,3.03758961299392e-01,3.04935109604374e-01,3.08807749627984e-01,3.13673866659705e-01,3.15004541147318e-01,3.06904021012685e-01,2.84445570608482e-01,2.45938815142005e-01,1.93854809574982e-01,1.33917875300158e-01,7.30574346169106e-02,1.74163131878514e-02,-2.87886529553922e-02,-6.34676284615290e-02,-8.62701283869468e-02,-9.80048740073363e-02,-1.00112302623568e-01,-9.42789319177717e-02,-8.21943681142143e-02,-6.54210099671875e-02,-4.53442030230557e-02,-2.31769499106133e-02
-3.01155364581193e-02,-5.80277996672041e-02,-8.15170190547153e-02,-9.83499109764472e-02,-1.06323787785237e-01,-1.03377693700348e-01,-8.78018798156183e-02,-5.85790828289384e-02,-1.58766322882251e-02,3.83505265846890e-02,9.98229046395100e-02,1.61847540241018e-01,2.16188776684500e-01,2.55173430992821e-01,2.74511792734727e-01,2.75353202747037e-01,2.63992736802504e-01,2.49076585901360e-01,2.38129428515753e-01,2.35609886644452e-01,2.42851062625712e-01,2.58376358895481e-01,2.77585381454867e-01,2.92815241195366e-01,2.95287163996278e-01,2.78581521871573e-01,2.41435296065905e-01,1.88038769639583e-01,1.25983936241005e-01,6.34481576886623e-02,7.09434905386650e-03,-3.87937591378065e-02,-7.22160340335500e-02,-9.29118774442628e-02,-1.01749835807306e-01,-1.00228274228372e-01,-9.01275925741197e-02,-7.32957711516196e-02,-5.15349265247056e-02,-2.65591597449425e-02
-2.84449819147673e-02,-5.41703648502565e-02,-7.44953475928293e-02,-8.68407541478707e-02,-8.88417226683045e-02,-7.85392094575404e-02,-5.46815626490740e-02,-1.71616812530020e-02,3.24172167730443e-02,9.01478112046939e-02,1.49483005287653e-01,2.01674888256086e-01,2.37547114168210e-01,2.50628421820656e-01,2.40459343245465e-01,2.13785911970615e-01,1.81931166488510e-01,1.55444482386471e-01,1.39938330026651e-01,1.36313252009099e-01,1.44154881896214e-01,1.63725669941119e-01,1.93975723008718e-01,2.29148467053245e-01,2.58558578813593e-01,2.70758471031138e-01,2.58892631981182e-01,2.23330301514444e-01,1.70476506626931e-01,1.09470686284704e-01,4.90590768260918e-02,-4.17126459770165e-03,-4.62246753164963e-02,-7.53543750746055e-02,-9.14621441880167e-02,-9.55268848408632e-02,-8.91634632174135e-02,-7.43199220856653e-02,-5.30890678490160e-02,-2.76052309508380e-02
-2.40833843360771e-02,-4.50950412993487e-02,-6.00725888131485e-02,-6.62992146109692e-02,-6.14943903281925e-02,-4.40870824640489e-02,-1.35959354264669e-02,2.88766092957948e-02,8.00836506924938e-02,1.34181535848714e-01,1.82779556267935e-01,2.16098644569334e-01,2.25729910138940e-01,2.08596447194950e-01,1.70116356417359e-01,1.23542594625995e-01,8.40610911839154e-02,6.06576554391459e-02,5.22206682606346e-02,5.18696794427280e-02,5.57625612367637e-02,6.75860078994465e-02,9.40685033013462e-02,1.36176743209234e-01,1.84790826183164e-01,2.24605656612283e-01,2.42268515817685e-01,2.32285862489383e-01,1.97688859996735e-01,1.46876169777282e-01,8.96583155772605e-02,3.45055193044707e-02,-1.26046843225591e-02,-4.82312840514722e-02,-7.10126527520251e-02,-8.11028328355839e-02,-7.96772237314798e-02,-6.85564885685170e-02,-4.99435973659555e-02,-2.62519872982224e-02
-1.74576767956448e-02,-3.17141885222943e-02,-3.97568371485467e-02,-3.89764220477220e-02,-2.74342895312715e-02,-4.20296269950835e-03,3.02096812228177e-02,7.33739745773885e-02,1.20485989362475e-01,1.64195530353977e-01,1.95182901072415e-01,2.04098395309646e-01,1.85157841463578e-01,1.40465776965286e-01,8.22944674645154e-02,2.98456162540192e-02,-1.94699388614961e-04,-4.10060157400940e-03,6.34726342224322e-03,1.35218133274372e-02,9.06107519666429e-03,1.17370023281270e-03,7.33783213471675e-03,3.91940374950536e-02,9.28898716571117e-02,1.51631107490408e-01,1.96131512128277e-01,2.14063430802936e-01,2.03301888211814e-01,1.69651586494702e-01,1.22529794196075e-01,7.13766532881664e-02,2.37209430180051e-02,-1.53925704142452e-02,-4.32288964302201e-02,-5.89110024370360e-02,-6.29382230628544e-02,-5.67728145909819e-02,-4.25180950973693e-02,-2.26808898962837e-02
-9.20615527318487e-03,-1.53371095564637e-02,-1.55840069550864e-02,-7.69265747246933e-03,9.70768972353562e-03,3.67257582393111e-02,7.17907993671473e-02,1.11250831841658e-01,1.49129026573182e-01,1.77333361908576e-01,1.86802273130650e-01,1.70105601560729e-01,1.25498170565251e-01,6.09854765863385e-02,-4.88009457573285e-03,-4.89436123716011e-02,-5.57967524309889e-02,-2.94056586357049e-02,6.50590830857552e-03,2.33334421630264e-02,8.26164723217894e-03,-2.60392914757459e-02,-5.11047176826991e-02,-4.33401331697447e-02,1.10738072481723e-03,6.67379230420638e-02,1.30332417724561e-01,1.73307686493429e-01,1.87666767998595e-01,1.75208569441355e-01,1.43467684826694e-01,1.01665600313710e-01,5.81132825900689e-02,1.90671257663885e-02,-1.14819670039662e-02,-3.15702752114053e-02,-4.08703488188352e-02,-4.02918068412949e-02,-3.16306308283601e-02,-1.72805373108595e-02
-8.48113418708361e-05,2.52295093648271e-03,1.01840103395797e-02,2.45825517130259e-02,4.63618162601734e-02,7.47471970359184e-02,1.07191523623653e-01,1.39128010897437e-01,1.64004722395936e-01,1.73905497949603e-01,1.61183206834987e-01,1.21442543967739e-01,5.75427183984706e-02,-1.71811837546982e-02,-7.98657433846917e-02,-1.06233651907808e-01,-8.44674764663804e-02,-2.65744680807984e-02,3.36624436906413e-02,5.93178058910252e-02,3.43599921476576e-02,-2.53100047607794e-02,-8.28913236888188e-02,-1.04713514791018e-01,-7.88635785155249e-02,-1.72288146516900e-02,5.58741408451170e-02,1.17579143383699e-01,1.54590795140254e-01,1.64137307722952e-01,1.50753614795017e-01,1.22281834616676e-01,8.68896590909828e-02,5.14354884265377e-02,2.08420405036333e-02,-1.94873043848927e-03,-1.57459302080338e-02,-2.07809314432420e-02,-1.83670385957536e-02,-1.05844826236657e-02
9.13183601617185e-03,2.03467196156757e-02,3.53528301037256e-02,5.51086736471546e-02,7.94562802382680e-02,1.06787846648659e-01,1.33802206577708e-01,1.55457833538426e-01,1.65304078146709e-01,1.56461925145185e-01,1.23562993706049e-01,6.57562975745347e-02,-9.82834215376316e-03,-8.60910261599839e-02,-1.38527095089710e-01,-1.44531498084476e-01,-9.71634941558510e-02,-1.49511158744290e-02,6.23004443871257e-02,9.36989307403979e-02,6.18749281925320e-02,-1.59122056873903e-02,-9.88736050519466e-02,-1.47294152320461e-01,-1.42715978943241e-01,-9.21235958782720e-02,-1.81331604715944e-02,5.47781212622772e-02,1.09581652048060e-01,1.39267114090146e-01,1.44856170012168e-01,1.31940058723611e-01,1.07671137568973e-01,7.88185531213611e-02,5.07774023506271e-02,2.72213392406038e-02,1.01258412523699e-02,-2.11824370055383e-05,-3.92974453064263e-03,-3.19680231871610e-03
1.77387341976453e-02,3.67789009371439e-02,5.80335191048133e-02,8.16537778331856e-02,1.06694318140718e-01,1.30859243276502e-01,1.50400422032717e-01,1.60281498312087e-01,1.54771650083152e-01,1.28671225631010e-01,7.93285918791133e-02,9.33665050847120e-03,-7.08818508441785e-02,-1.42426945583754e-01,-1.81687752334171e-01,-1.69769091228877e-01,-1.04781183613199e-01,-9.28995838325398e-03,7.53653212627809e-02,1.08690319962265e-01,7.37912331820320e-02,-1.25220269923980e-02,-1.09831935253131e-01,-1.76861950361646e-01,-1.91087939926620e-01,-1.54414006526216e-01,-8.57160924792860e-02,-8.54688026248935e-03,5.82952236344403e-02,1.04535383387016e-01,1.27776016327737e-01,1.30909943583714e-01,1.19418937472791e-01,9.93475822491218e-02,7.60628932971937e-02,5.36391500721744e-02,3.46645659301733e-02,2.03045987322293e-02,1.05076660862540e-02,4.28159480228830e-03
2.51652556138681e-02,5.07484281937050e-02,7.67975107463056e-02,1.02650357152216e-01,1.26662053315267e-01,1.46053977674008e-01,1.56962066602907e-01,1.54789036172760e-01,1.34986289317242e-01,9.43795758928203e-02,3.30492668944301e-02,-4.35177238222523e-02,-1.22853361082415e-01,-1.86060819803156e-01,-2.12241082752447e-01,-1.87185509640710e-01,-1.13396882212148e-01,-1.49944032226638e-02,6.87082647985606e-02,1.00761230356915e-01,6.60022328242618e-02,-2.04594479745283e-02,-1.21719661043237e-01,-1.98496144226373e-01,-2.26679952084402e-01,-2.03751099427599e-01,-1.43867966303082e-01,-6.78416792701856e-02,5.55962804775008e-03,6.40387040363259e-02,1.02320339847580e-01,1.20572460741163e-01,1.22245903306489e-01,1.12180959283608e-01,9.52626814012040e-02,7.56131303585684e-02,5.62056739504142e-02,3.87751324045176e-02,2.39192096002245e-02,1.13150436243718e-02
3.10115112455169e-02,6.15302122429545e-02,9.07418272244017e-02,1.17231131649732e-01,1.38792780457670e-01,1.52392377756717e-01,1.54351637572686e-01,1.40841234106719e-01,1.08757269411047e-01,5.70069258428272e-02,-1.19067682772258e-02,-9.03840967650771e-02,-1.65111405531092e-01,-2.18513822768386e-01,-2.33330738614682e-01,-2.00063794003219e-01,-1.24525847331821e-01,-3.04815699459216e-02,4.68649665844629e-02,7.56730734746741e-02,4.30871035956904e-02,-3.80557612842247e-02,-1.35926190089179e-01,-2.15317461093645e-01,-2.52441775532660e-01,-2.41436886789590e-01,-1.91720709246819e-01,-1.20438907082903e-01,-4.50152490400345e-02,2.14232193768332e-02,7.14953288424574e-02,1.02941363964826e-01,1.17110690283741e-01,1.17360318846216e-01,1.07746708738210e-01,9.21202991621365e-02,7.35969570817486e-02,5.43307642930324e-02,3.55058800635573e-02,1.74764869604308e-02
3.50563083935165e-02,6.87512614434181e-02,9.94745577023704e-02,1.25168146698362e-01,1.43231325211698e-01,1.50588920765520e-01,1.43984801682300e-01,1.20555809765477e-01,7.87107845734433e-02,1.92659078618384e-02,-5.33532156463786e-02,-1.30254921268312e-01,-1.98247712018394e-01,-2.41845747854400e-01,-2.47603115160039e-01,-2.10134486782082e-01,-1.37407743031628e-01,-5.16428632718246e-02,1.68358218923902e-02,4.15818245799681e-02,1.20896145362668e-02,-6.11170198159972e-02,-1.51566664823490e-01,-2.28897002275279e-01,-2.70831170713355e-01,-2.69320559469680e-01,-2.29642201678160e-01,-1.65104088861577e-01,-9.10245706692638e-02,-2.04008051367667e-02,3.80907588000634e-02,8.02507555528755e-02,1.05485900350158e-01,1.15587462002356e-01,1.13570982614777e-01,1.02766728149423e-01,8.62100640537728e-02,6.63083318926332e-02,4.47316018727608e-02,2.24692815739383e-02
3.72413954616436e-02,7.23520363277735e-02,1.03040470134693e-01,1.26747197683586e-01,1.40644528408065e-01,1.41796413534964e-01,1.27523838522918e-01,9.60006143994590e-02,4.70596167678004e-02,-1.68914845416523e-02,-9.00714218317234e-02,-1.63029302301960e-01,-2.23372498283386e-01,-2.58011076558325e-01,-2.57009325742972e-01,-2.18227850890342e-01,-1.50779081369116e-01,-7.47442990157133e-02,-1.56486962618126e-02,4.99583903178126e-03,-2.12180106355399e-02,-8.58273258946101e-02,-1.67258694594368e-01,-2.39913888899108e-01,-2.83622171726205e-01,-2.89161380165100e-01,-2.58538493103849e-01,-2.01533617163968e-01,-1.31059768599512e-01,-5.93161239309823e-02,4.44819457894089e-03,5.46498391954591e-02,8.90586376541764e-02,1.07977524785442e-01,1.13300842122007e-01,1.07677858593559e-01,9.38835874750752e-02,7.44189530628415e-02,5.13189297815607e-02,2.61283324682219e-02
3.76390199436185e-02,7.25177607431182e-02,1.01810063609990e-01,1.22609642143360e-01,1.32016667935472e-01,1.27367535576909e-01,1.06634851915459e-01,6.89950998189687e-02,1.55108411211452e-02,-5.02019761858246e-02,-1.21549506144986e-01,-1.89103520363435e-01,-2.41675846155137e-01,-2.68563324846234e-01,-2.62807046462241e-01,-2.24630482431151e-01,-1.63515087365546e-01,-9.72114630997727e-02,-4.69406830749805e-02,-3.00318990869763e-02,-5.31493435028491e-02,-1.09536929399727e-01,-1.81768755832966e-01,-2.48517594995691e-01,-2.91913551788842e-01,-3.02340192356020e-01,-2.79422450817656e-01,-2.29952169310884e-01,-1.64453646915431e-01,-9.39310947416438e-02,-2.76338142991117e-02,2.80042948089978e-02,6.94902798047272e-02,9.58256584682654e-02,1.07813567634403e-01,1.07348412886965e-01,9.68192209745995e-02,7.86826589371034e-02,5.52124637852955e-02,2.84040949465048e-02
3.64104626508457e-02,6.95948813758610e-02,9.63541327068303e-02,1.13588670854779e-01,1.18457883047331e-01,1.08655958264742e-01,8.28136031750246e-02,4.10014605678740e-02,-1.47381736053337e-02,-7.99685534149329e-02,-1.47749677722857e-01,-2.09093519807619e-01,-2.54206612865874e-01,-2.74580322965528e-01,-2.65644521317716e-01,-2.29221974819294e-01,-1.74628695101770e-01,-1.17329907297649e-01,-7.48688278710249e-02,-6.11686503993856e-02,-8.14995427365004e-02,-1.30466082231095e-01,-1.94016193857098e-01,-2.54470946408208e-01,-2.96220204572829e-01,-3.09792765252741e-01,-2.93201017697702e-01,-2.50843377082233e-01,-1.91055255686539e-01,-1.23463718198503e-01,-5.69088108843600e-02,1.78397450394381e-03,4.82404777338807e-02,8.04075781266058e-02,9.81067101156457e-02,1.02477726102061e-01,9.54526278389938e-02,7.93359193917252e-02,5.65203186945963e-02,2.93344527469042e-02
3.37627154055820e-02,6.40063383706930e-02,8.73224296858645e-02,1.00560709139756e-01,1.01043969517215e-01,8.68673322024605e-02,5.72761478830642e-02,1.30837732439414e-02,-4.29525637906332e-02,-1.05927428419116e-01,-1.68923283627162e-01,-2.23661927799484e-01,-2.61783331896386e-01,-2.76697295603483e-01,-2.65677298468610e-01,-2.31548372953297e-01,-1.83132200901771e-01,-1.33780215229928e-01,-9.79733289723337e-02,-8.69155514191081e-02,-1.04782286589936e-01,-1.47244065682727e-01,-2.02940634807714e-01,-2.57230915306411e-01,-2.96598522851702e-01,-3.12052484442484e-01,-3.00596317806893e-01,-2.64787252397430e-01,-2.11055167099284e-01,-1.47618322742390e-01,-8.26442173093723e-02,-2.29861527858352e-02,2.64502162000266e-02,6.28231122036210e-02,8.51297422610178e-02,9.38110589134120e-02,9.03184691204419e-02,7.67278969340892e-02,5.54446003882277e-02,2.90100240691555e-02
2.99096016560612e-02,5.61773242572388e-02,7.53415690452387e-02,8.43276216179438e-02,8.06999567248398e-02,6.29652945761027e-02,3.09093076740058e-02,-1.40796555317386e-02,-6.87805821611280e-02,-1.28115917244270e-01,-1.85462056557520e-01,-2.33402794970065e-01,-2.64956432306866e-01,-2.75157069537731e-01,-2.62663246930368e-01,-2.30869621260502e-01,-1.87932593830679e-01,-1.45320667312287e-01,-1.15002490459395e-01,-1.06031003372702e-01,-1.21728733485090e-01,-1.58596509920097e-01,-2.07404117379395e-01,-2.56004806118095e-01,-2.92751821680984e-01,-3.09312320710651e-01,-3.02120649155001e-01,-2.72358366309448e-01,-2.24850504844908e-01,-1.66467309975719e-01,-1.04555749949698e-01,-4.57274022273034e-02,4.87837844906986e-03,4.38876887316518e-02,6.96517883497435e-02,8.20036894587043e-02,8.19268585759095e-02,7.12204073661326e-02,5.22117376837495e-02,2.75385546758524e-02
2.50431694856940e-02,4.64822314536373e-02,6.09458837483590e-02,6.55438530755024e-02,5.81391315887912e-02,3.76392646597721e-02,4.28199675967011e-03,-4.01335374338707e-02,-9.21433213128138e-02,-1.46733168286727e-01,-1.97760803138059e-01,-2.38740400443385e-01,-2.63965638464298e-01,-2.69822440348076e-01,-2.55995159539726e-01,-2.26157189985075e-01,-1.87742325132891e-01,-1.50588181022824e-01,-1.24623378369648e-01,-1.17207370722865e-01,-1.31000963387877e-01,-1.63151831452226e-01,-2.06109927971718e-01,-2.49758307942112e-01,-2.84075464482231e-01,-3.01451511425157e-01,-2.98049660124030e-01,-2.74041562138015e-01,-2.32925368270810e-01,-1.80330202414378e-01,-1.22715895034649e-01,-6.62637824126119e-02,-1.61066247534661e-02,2.40796102959480e-02,5.21788814624038e-02,6.75245495221460e-02,7.06685459005117e-02,6.31068638477500e-02,4.70139360252630e-02,2.50143493067063e-02
1.93218867485470e-02,3.52249471934426e-02,4.45573409266793e-02,4.47063777488101e-02,3.38749280559485e-02,1.13494038987121e-02,-2.22694904444062e-02,-6.49199916978862e-02,-1.13078527545343e-01,-1.61972757898831e-01,-2.06063506122190e-01,-2.39810631015909e-01,-2.58665768890611e-01,-2.60136978775753e-01,-2.44671062779530e-01,-2.16043308429361e-01,-1.80985583589199e-01,-1.47957047860474e-01,-1.25245500024020e-01,-1.18882905152744e-01,-1.31018885662015e-01,-1.59306350055097e-01,-1.97518256179236e-01,-2.37176888603201e-01,-2.69641835923692e-01,-2.88013207649600e-01,-2.88366812713108e-01,-2.70133459350427e-01,-2.35718170177410e-01,-1.89628274771904e-01,-1.37420309506334e-01,-8.47193542550687e-02,-3.64648372439697e-02,3.56145404498057e-03,3.29419827212102e-02,5.06220265271032e-02,5.67706244102378e-02,5.25688819621660e-02,3.99753598184985e-02,2.14998978223501e-02
1.28849278908155e-02,2.26702061304551e-02,2.65390439983822e-02,2.22367334354567e-02,8.33757665584332e-03,-1.55184789354390e-02,-4.84495210576627e-02,-8.82575773012362e-02,-1.31506100232234e-01,-1.73795696531985e-01,-2.10265660978882e-01,-2.36308557937739e-01,-2.48423694625791e-01,-2.45062268472763e-01,-2.27254138158833e-01,-1.98786301041881e-01,-1.65759409613829e-01,-1.35494894271768e-01,-1.14974875072301e-01,-1.09196723856883e-01,-1.19917905019266e-01,-1.45187350422303e-01,-1.79817739905448e-01,-2.16644635443032e-01,-2.48176512173427e-01,-2.68160313548391e-01,-2.72680855880490e-01,-2.60611987246899e-01,-2.33446886430432e-01,-1.94680946302126e-01,-1.48976714041237e-01,-1.01320223543298e-01,-5.63149069025256e-02,-1.76858594674795e-02,1.19945272225369e-02,3.13892004029595e-02,4.03363244935158e-02,3.96981172100084e-02,3.11626369305772e-02,1.70298691572129e-02
5.90788192853541e-03,9.15569224126512e-03,7.36454702735711e-03,-1.29258586147165e-03,-1.78450451556530e-02,-4.23244932609695e-02,-7.36398129492192e-02,-1.09562407393928e-01,-1.46858725366782e-01,-1.81598580002876e-01,-2.09646044777651e-01,-2.27302583164042e-01,-2.32022461480355e-01,-2.23068415745528e-01,-2.01938974407321e-01,-1.72400666379848e-01,-1.40017731538854e-01,-1.11191352166947e-01,-9.18742936702473e-02,-8.62617904395718e-02,-9.58129051572936e-02,-1.18889088956223e-01,-1.51120221443597e-01,-1.86388101694176e-01,-2.18140889705834e-01,-2.40684449185559e-01,-2.50149860272820e-01,-2.44971213438213e-01,-2.25861526915241e-01,-1.95393855876326e-01,-1.57353835824941e-01,-1.16031481233478e-01,-7.55832152960483e-02,-3.95427419861154e-02,-1.05094991200224e-02,9.99389387413123e-03,2.15256263090555e-02,2.46286442893180e-02,2.06712668081631e-02,1.16536882361350e-02
-1.27361496267608e-03,-4.66337802182265e-03,-1.20225578749457e-02,-2.46938260864528e-02,-4.32943973685831e-02,-6.75559974572693e-02,-9.62460340020413e-02,-1.27198500856326e-01,-1.57480082189514e-01,-1.83705592603558e-01,-2.02495121434688e-01,-2.11033173671125e-01,-2.07651791510532e-01,-1.92324295619277e-01,-1.66937791099106e-01,-1.35226246182985e-01,-1.02301949060888e-01,-7.38183230806321e-02,-5.49093769497060e-02,-4.91421690971664e-02,-5.77476948732766e-02,-7.93396679865681e-02,-1.10200843890687e-01,-1.45057411618370e-01,-1.78132133062587e-01,-2.04210922924001e-01,-2.19486517275535e-01,-2.22033878228605e-01,-2.11884145699807e-01,-1.90758958916506e-01,-1.61582776129894e-01,-1.27904270305866e-01,-9.33391611883233e-02,-6.11112878358296e-02,-3.37302515417340e-02,-1.28118114371211e-02,9.74465665704761e-04,7.85680152498900e-03,8.84094899481557e-03,5.54372938174801e-03
-7.92663394943821e-03,-1.73476547843023e-02,-2.95291119578092e-02,-4.52976285608423e-02,-6.48652528047976e-02,-8.77111319346256e-02,-1.12542469507656e-01,-1.37356290388079e-01,-1.59617906809137e-01,-1.76559716198879e-01,-1.85584179976355e-01,-1.84728726211231e-01,-1.73122138122910e-01,-1.51339416586248e-01,-1.21555296489641e-01,-8.74153118390796e-02,-5.35922378505209e-02,-2.50695535091775e-02,-6.27448523869789e-03,-2.44189879821736e-04,-8.02316474380561e-03,-2.84448690060953e-02,-5.83551444425812e-02,-9.32199471158855e-02,-1.27964483149017e-01,-1.57845693331730e-01,-1.79174492516527e-01,-1.89765074802512e-01,-1.89069395975245e-01,-1.78028620568322e-01,-1.58722096548064e-01,-1.33912968103021e-01,-1.06582565879638e-01,-7.95230048601350e-02,-5.50291641937757e-02,-3.47051469455206e-02,-1.93807276450669e-02,-9.12145196082351e-03,-3.31113829001846e-03,-7.85668890639655e-04
-1.24928334350971e-02,-2.58331746450379e-02,-4.06919549064334e-02,-5.74032354794749e-02,-7.58370887807304e-02,-9.53232270270786e-02,-1.14642686998276e-01,-1.32102309831222e-01,-1.45700443102224e-01,-1.53381162944208e-01,-1.53358254379652e-01,-1.44470724151672e-01,-1.26512424709157e-01,-1.00465224996624e-01,-6.85649660322908e-02,-3.41479880896532e-02,-1.26494090204148e-03,2.58974894311489e-02,4.36905797841778e-02,4.96376205835796e-02,4.28861322193830e-02,2.43705765507747e-02,-3.35463073674570e-03,-3.65716490864121e-02,-7.10376309527426e-02,-1.02663125303003e-01,-1.28094719228200e-01,-1.45105415355359e-01,-1.52751876254526e-01,-1.51311484903564e-01,-1.42050981083903e-01,-1.26896868007250e-01,-1.08077484600287e-01,-8.77934280663786e-02,-6.79538090730244e-02,-4.99964483430564e-02,-3.47942941945578e-02,-2.26396285209148e-02,-1.32919661272744e-02,-6.07389353195207e-03
-1.18418095701281e-02,-2.39653365770963e-02,-3.65485936514416e-02,-4.95734107210598e-02,-6.27555235536101e-02,-7.55084770106132e-02,-8.69517074891029e-02,-9.59707343564570e-02,-1.01332658248348e-01,-1.01852674574798e-01,-9.65972394821768e-02,-8.50980392269689e-02,-6.75403803804354e-02,-4.48834666637868e-02,-1.88720545936466e-02,8.08795961459690e-03,3.31931254501752e-02,5.36163933553960e-02,6.69310065805794e-02,7.15027002969656e-02,6.67666926173439e-02,5.33268721140946e-02,3.28539549166055e-02,7.80584071816216e-03,-1.89672235951824e-02,-4.46491222935225e-02,-6.68342942909751e-02,-8.37935584139608e-02,-9.46003762100441e-02,-9.91204356571164e-02,-9.78917218508368e-02,-9.19352431690336e-02,-8.25385627094604e-02,-7.10481139746584e-02,-5.86957702799378e-02,-4.64737399208706e-02,-3.50619664967767e-02,-2.48050178111519e-02,-1.57311448840618e-02,-7.60433405706398e-03
