1.46662213538330e-01,2.78961279885073e-01,3.83940832810873e-01,4.51320343063645e-01,4.74502206252754e-01,4.51218263108769e-01,3.83752448787954e-01,2.78717761052418e-01,1.46409367121552e-01,-2.02835780564915e-04,-1.46743590414231e-01,-2.78839314607492e-01,-3.83525045621351e-01,-4.50513529178007e-01,-4.73202159690510e-01,-4.49319113727828e-01,-3.81145307893637e-01,-2.75290306459942e-01,-1.42043943397967e-01,5.63305293785225e-03,1.53380792645763e-01,2.86849935982167e-01,3.93111379857323e-01,4.61927704313409e-01,4.86761356612614e-01,4.65419810232599e-01,4.00272751673384e-01,2.98017273379571e-01,1.69010073211857e-01,2.62266079358175e-02,-1.16057839587160e-01,-2.43744245296074e-01,-3.44407110404633e-01,-4.08673157576447e-01,-4.31347529031248e-01,-4.12164965219090e-01,-3.56053347845111e-01,-2.72793730824078e-01,-1.75924097154549e-01,-8.06213591863225e-02
1.60892427035116e-01,3.06008743646186e-01,4.21118547323810e-01,4.94931512151054e-01,5.20203893148481e-01,4.94448820062906e-01,4.20180819004837e-01,3.04670596318639e-01,1.59234061914096e-01,-1.87483050836786e-03,-1.62859056844047e-01,-3.07924748722140e-01,-4.22827283042922e-01,-4.96265826054712e-01,-5.20989718495727e-01,-4.94508245373235e-01,-4.19334103347119e-01,-3.02736463308260e-01,-1.56027476289326e-01,6.54830135082033e-03,1.69213224848010e-01,3.16207969187987e-01,4.33343344867536e-01,5.09400515615755e-01,5.37241965995064e-01,5.14523127033282e-01,4.43932553076607e-01,3.32933170366965e-01,1.93023970065404e-01,3.85860450047989e-02,-1.14585123911685e-01,-2.50931024543603e-01,-3.56818506577801e-01,-4.22113812528957e-01,-4.41495455695662e-01,-4.15368031195480e-01,-3.50243642618316e-01,-2.58444948071187e-01,-1.56934659480782e-01,-6.49622565110358e-02
1.03547522829779e-01,1.96904872087516e-01,2.70881271178279e-01,3.18186863575805e-01,3.34148068656175e-01,3.17166699608574e-01,2.68877855923230e-01,1.93991089767518e-01,9.98303537109050e-02,-4.38227094516441e-03,-1.08428971341390e-01,-2.02096394095079e-01,-2.76175695148019e-01,-3.23364488831327e-01,-3.38982284597165e-01,-3.21429192542767e-01,-2.72342727730721e-01,-1.96437007803990e-01,-1.01039631715653e-01,4.62896326390071e-03,1.10363722973986e-01,2.05982472532607e-01,2.82334574515601e-01,3.32212271064724e-01,3.51075280989929e-01,3.37516696423368e-01,2.93422312394006e-01,2.23803744137752e-01,1.36315191032808e-01,4.04915545199044e-02,-5.32308168225687e-02,-1.34632177638691e-01,-1.94877520917472e-01,-2.27642617055082e-01,-2.30106612421536e-01,-2.03720382320263e-01,-1.54652693364460e-01,-9.37906921884209e-02,-3.61126502116772e-02,8.59276567957539e-04
1.26003731030863e-02,2.38825382979833e-02,3.26596214126634e-02,3.79945067019349e-02,3.92937059321230e-02,3.63674279855179e-02,2.94499113658764e-02,1.91779720855560e-02,6.52980980488167e-03,-7.26998805268389e-03,-2.08699865363205e-02,-3.29243066519267e-02,-4.22249243156023e-02,-4.78208616487310e-02,-4.91124934363991e-02,-4.59115464353111e-02,-3.84606320041386e-02,-2.74099933163028e-02,-1.37532074221746e-02,1.27254062213792e-03,1.63126488691790e-02,3.00362908959123e-02,4.12796773451705e-02,4.91781154976775e-02,5.32743214124321e-02,5.35920621041223e-02,5.06664156476666e-02,4.55243731910588e-02,3.96117495083118e-02,3.46640682992209e-02,3.25200047266337e-02,3.48761477102127e-02,4.29817368003317e-02,5.72727547284346e-02,7.69483664387900e-02,9.95026172646655e-02,1.20245844661697e-01,1.31891330435139e-01,1.24354596201070e-01,8.50308249981830e-02
-8.71198690282708e-02,-1.65827524504882e-01,-2.28531578351191e-01,-2.69202001846886e-01,-2.83957937231175e-01,-2.71445309594233e-01,-2.32967340439209e-01,-1.72355257052726e-01,-9.55919240771371e-02,-1.02253103656256e-02,7.53707318096219e-02,1.52815964049872e-01,2.14543294964060e-01,2.54538143031211e-01,2.68925333829162e-01,2.56346240266328e-01,2.18089519659020e-01,1.57963054698154e-01,8.19202063867229e-02,-2.52228137506844e-03,-8.70167924446606e-02,-1.63194931692920e-01,-2.23474642710907e-01,-2.61784072568843e-01,-2.74130233979390e-01,-2.58956210661450e-01,-2.17252318246365e-01,-1.52412365256244e-01,-6.98536560338236e-02,2.35537793911962e-02,1.20179461246296e-01,2.12358422396037e-01,2.93051631868280e-01,3.56339034730619e-01,3.97651151761684e-01,4.13665329449512e-01,4.01828223464400e-01,3.59521867829910e-01,2.82974950753164e-01,1.66146863406678e-01
-1.78691715529707e-01,-3.40036866200385e-01,-4.68383995577562e-01,-5.51305990221278e-01,-5.80813806441469e-01,-5.54135943616020e-01,-4.73987434088381e-01,-3.48302095490814e-01,-1.89454340008101e-01,-1.30468036414324e-02,1.63617437877260e-01,3.23228434824860e-01,4.50162866194083e-01,5.32011677742186e-01,5.60792339794635e-01,5.33727164339286e-01,4.53511704536360e-01,3.28047325069403e-01,1.69664663265821e-01,-6.08523541930786e-03,-1.81952754440738e-01,-3.40674250740210e-01,-4.66652864154816e-01,-5.47469319672216e-01,-5.75073053223465e-01,-5.46535497879513e-01,-4.64290879191723e-01,-3.35841330091742e-01,-1.72957819356265e-01,9.53872463632115e-03,1.95285373884418e-01,3.68007874586217e-01,5.13085848068848e-01,6.18858421204536e-01,6.77487212384552e-01,6.85221990005830e-01,6.41960592121021e-01,5.50060658696918e-01,4.12451098579687e-01,2.30215909952260e-01
-2.50475755619772e-01,-4.76604905754310e-01,-6.56420935224800e-01,-7.72484579284654e-01,-8.13587927349421e-01,-7.75848721339636e-01,-6.63087800095730e-01,-4.86452825487372e-01,-2.63325215543651e-01,-1.56173890007956e-02,2.32372887891798e-01,4.56340901409776e-01,6.34353214018320e-01,7.48992823022643e-01,7.89061225309700e-01,7.50670795844929e-01,6.37620674844043e-01,4.61019632108958e-01,2.38193285485269e-01,-9.01665742231715e-03,-2.56393647210520e-01,-4.79717084785265e-01,-6.57128863319872e-01,-7.71261925509650e-01,-8.10920106718843e-01,-7.72142363467686e-01,-6.58544985277040e-01,-4.80906888873702e-01,-2.56038894607139e-01,-5.05101389467544e-03,2.48804406789859e-01,4.82486912441909e-01,6.75462819317960e-01,8.11675297231443e-01,8.80937105504300e-01,8.79526848676328e-01,8.09821694161378e-01,6.78868819628302e-01,4.95885328067580e-01,2.68787621701549e-01
-2.94922810074240e-01,-5.61171694732669e-01,-7.72876221231976e-01,-9.09498555945069e-01,-9.57840662120348e-01,-9.13333162284930e-01,-7.80479768358514e-01,-5.72413855360197e-01,-3.09610684713079e-01,-1.78814501775847e-02,2.74154359146211e-01,5.37870708046390e-01,7.47436463215620e-01,8.82342166260186e-01,9.29404663913405e-01,8.84053293209964e-01,7.50771723828945e-01,5.42652343531001e-01,2.80107119445430e-01,-1.11383084287113e-02,-3.02570069178582e-01,-5.65682547615458e-01,-7.74770434228643e-01,-9.09440771945480e-01,-9.56596336412340e-01,-9.11693002972029e-01,-7.79144627647575e-01,-5.71832654328053e-01,-3.09766312654465e-01,-1.80246444396668e-02,2.75814014547452e-01,5.44492548063240e-01,7.63848076398003e-01,9.15229242917903e-01,9.87262707864463e-01,9.76708412981896e-01,8.88195226023882e-01,7.32693683574536e-01,5.24657748555061e-01,2.77853731422348e-01
-3.08087141368143e-01,-5.86231812738137e-01,-8.07419077298552e-01,-9.50202522223119e-01,-1.00080021807032e+00,-9.54440520561945e-01,-8.15826032579805e-01,-5.98670386467490e-01,-3.24353286015700e-01,-1.98255874391821e-02,2.85030366727263e-01,5.60326593402765e-01,7.79094897162065e-01,9.19925307142580e-01,9.69059049567311e-01,9.21730995637780e-01,7.82630053991876e-01,5.65432412250120e-01,2.91453451821342e-01,-1.24493479725323e-02,-3.16516559778136e-01,-5.91010490292765e-01,-8.09134589643968e-01,-9.49660584438149e-01,-9.99003229846797e-01,-9.52535929063309e-01,-8.15014130720855e-01,-6.00060390143536e-01,-3.28757019579585e-01,-2.74808227617357e-02,2.74808533710647e-01,5.49556008769512e-01,7.71567727634512e-01,9.21617993781636e-01,9.88400064236552e-01,9.69545893086974e-01,8.71486301034733e-01,7.07976758167977e-01,4.97168777045860e-01,2.57159048480307e-01
-2.89400072734800e-01,-5.50703622741975e-01,-7.58560896439302e-01,-8.92846812169316e-01,-9.40627455021368e-01,-8.97422692366424e-01,-7.67641358041944e-01,-5.64146467739200e-01,-3.06993117022501e-01,-2.14627252022981e-02,2.64413794022569e-01,5.22601294736628e-01,7.27805136535075e-01,8.59946466531136e-01,9.06125463773904e-01,8.61880088970606e-01,7.31616859952969e-01,5.28171291033680e-01,2.71540938686505e-01,-1.30848154452164e-02,-2.97804997640828e-01,-5.54753714124479e-01,-7.58843077506921e-01,-8.90231875877603e-01,-9.36275489041800e-01,-8.92762359489695e-01,-7.64311139447374e-01,-5.63883825128187e-01,-3.11456079617387e-01,-3.19684932091251e-02,2.47245694311873e-01,4.99306002600178e-01,7.00618840596145e-01,8.33404266707155e-01,8.87628445616895e-01,8.62080567916991e-01,7.64368397239635e-01,6.09643142875038e-01,4.17892856344219e-01,2.09656093791377e-01
-2.41443737274984e-01,-4.59498804991981e-01,-6.33062470861487e-01,-7.45380099568172e-01,-7.85681667480745e-01,-7.50232443157223e-01,-6.42695005871600e-01,-4.73767211999723e-01,-2.60131621290643e-01,-2.28193340931734e-02,2.14851450661437e-01,4.29560166563670e-01,6.00268009409817e-01,7.10277579213811e-01,7.48866085202069e-01,7.12331867021964e-01,6.04351408190846e-01,4.35611522524549e-01,2.22752419829406e-01,-1.32750610046590e-02,-2.49277182499155e-01,-4.62107195397361e-01,-6.30952316855713e-01,-7.39392339933011e-01,-7.77025857176185e-01,-7.40501286580881e-01,-6.33846804384285e-01,-4.68060452329663e-01,-2.59992650472709e-01,-3.06215059398359e-02,1.97119513098990e-01,4.00756673461650e-01,5.60700700179883e-01,6.62437468382648e-01,6.98246413154413e-01,6.68225098212052e-01,5.80419158291395e-01,4.49872227631821e-01,2.96409576505669e-01,1.40940687547110e-01
-1.69588039172716e-01,-3.22831732642902e-01,-4.44983217110932e-01,-5.24331282153569e-01,-5.53344224242835e-01,-5.29403493518945e-01,-4.55056318614233e-01,-3.37762602289879e-01,-1.89160919783802e-01,-2.39255598436288e-02,1.41673369292208e-01,2.91365632916291e-01,4.10475909874924e-01,4.87361734163947e-01,5.14553198345974e-01,4.89482418536991e-01,4.14730859318818e-01,2.97769792036598e-01,1.50218775646217e-01,-1.33056960915791e-02,-1.76638978509119e-01,-3.23672695871969e-01,-4.39957349648443e-01,-5.14145202515140e-01,-5.39130281490738e-01,-5.12770790864700e-01,-4.38118586358417e-01,-3.23126748411693e-01,-1.79855273473858e-01,-2.32418370352546e-02,1.30454699219855e-01,2.65399182203212e-01,3.67954808474177e-01,4.28320520699993e-01,4.41865180251018e-01,4.09998477330287e-01,3.40422480196218e-01,2.46600349146755e-01,1.46248417689681e-01,5.85910799801593e-02
-8.14388800330386e-02,-1.55169878740826e-01,-2.14236387795728e-01,-2.53110745152872e-01,-2.68231918025595e-01,-2.58350520712796e-01,-2.24647366657870e-01,-1.70613948770624e-01,-1.01706573398215e-01,-2.48080730237579e-02,5.24500990323075e-02,1.22438859140769e-01,1.78281822136786e-01,2.14531203881259e-01,2.27702743361697e-01,2.16616795655192e-01,1.82511643846169e-01,1.28917291359196e-01,6.13014003684137e-02,-1.34786718952174e-02,-8.78647360378506e-02,-1.54360582586650e-01,-2.06294229514784e-01,-2.38504635155468e-01,-2.47884492878661e-01,-2.33723673159023e-01,-1.97815804227213e-01,-1.44311606051232e-01,-7.93247803884117e-02,-1.03174371273334e-02,5.46896960402911e-02,1.08022952371450e-01,1.43308574525423e-01,1.56398608961389e-01,1.46192231654554e-01,1.15269444207244e-01,7.02408074441455e-02,2.16874385553812e-02,-1.64912317982284e-02,-2.86028810742354e-02
1.38949497794257e-02,2.61606739733769e-02,3.53303672127767e-02,4.02462482499184e-02,4.01760739084245e-02,3.48882266803501e-02,2.46780770400087e-02,1.03430727285081e-02,-6.89100641385545e-03,-2.54854417102358e-02,-4.37344058980028e-02,-5.99270914271360e-02,-7.25104787146873e-02,-8.02370985039600e-02,-8.22837140145208e-02,-7.83297927642238e-02,-6.85886969843207e-02,-5.37892563279928e-02,-3.51103607631757e-02,-1.40758832398849e-02,7.57882968709363e-03,2.80549354646918e-02,4.56373257756827e-02,5.88263435217717e-02,6.64413642261787e-02,6.76873895213795e-02,6.21809000336843e-02,4.99373141173087e-02,3.13289770108368e-02,7.02914030010822e-03,-2.20368119655807e-02,-5.47073124814395e-02,-8.95403259487755e-02,-1.24683368120338e-01,-1.57640036820296e-01,-1.84931481940672e-01,-2.01680356665911e-01,-2.01193263781238e-01,-1.74695152172339e-01,-1.11489391281819e-01
1.06668193583369e-01,2.02623280258699e-01,2.78203380509016e-01,3.25746270274178e-01,3.40342270066197e-01,3.20317986577152e-01,2.67403634041994e-01,1.86567614462817e-01,8.55345858889078e-02,-2.59658077022387e-02,-1.37146044079900e-01,-2.37211058252285e-01,-3.16409152726782e-01,-3.66980864720667e-01,-3.83913253688261e-01,-3.65426246569251e-01,-3.13144032121786e-01,-2.31935484239881e-01,-1.29440138086547e-01,-1.53271857749743e-02,9.96387902141404e-02,2.04632623193013e-01,2.89801375842005e-01,3.47192990882633e-01,3.71489236061021e-01,3.60471319302898e-01,3.15173998331029e-01,2.39716429415323e-01,1.40832463929030e-01,2.71564006708130e-02,-9.16507006634864e-02,-2.05826954866458e-01,-3.06367845218835e-01,-3.85695048929332e-01,-4.38025286303403e-01,-4.59353896322821e-01,-4.47009738831112e-01,-3.98800572137186e-01,-3.11858345876641e-01,-1.81423933407493e-01
1.87425326195749e-01,3.56232462952146e-01,4.89627774397415e-01,5.74288250954601e-01,6.01668087693388e-01,5.68837982730502e-01,4.78775098598720e-01,3.40075391730329e-01,1.66116533561374e-01,-2.62465957506345e-02,-2.18326147738397e-01,-3.91424373468820e-01,-5.28657177608054e-01,-6.16599842134128e-01,-6.46594119229933e-01,-6.15589153963187e-01,-5.26434486146994e-01,-3.87597176421114e-01,-2.12331676744198e-01,-1.73848328913992e-02,1.78635865847631e-01,3.57069530954606e-01,5.01006028665443e-01,5.96908750288719e-01,6.35895617398040e-01,6.14551881722326e-01,5.35195035966520e-01,4.05567399744028e-01,2.37990491295739e-01,4.80717718082127e-02,-1.46896461816985e-01,-3.29668775095606e-01,-4.84709285950995e-01,-5.99580681069838e-01,-6.65868134632966e-01,-6.79478417709657e-01,-6.40204828764375e-01,-5.50518733175594e-01,-4.13642473451413e-01,-2.31085207026194e-01
2.47900584993743e-01,4.71265857367814e-01,6.47963710466329e-01,7.60433337957973e-01,7.97406118648784e-01,7.55010964493453e-01,6.37156054270207e-01,4.55149694832974e-01,2.26597521652622e-01,-2.63159384056881e-02,-2.78993079106720e-01,-5.06824393367160e-01,-6.87590017190108e-01,-8.03626682154659e-01,-8.43548167392802e-01,-8.03351177063070e-01,-6.86798866725237e-01,-5.05045143120722e-01,-2.75537385791358e-01,-2.03061338380841e-02,2.36189444624283e-01,4.69447696274330e-01,6.57306697389507e-01,7.82087148251132e-01,8.32283900279082e-01,8.03638378487900e-01,6.99485302636324e-01,5.30339266312915e-01,3.12763186556245e-01,6.76342482864207e-02,-1.82012925880930e-01,-4.13337274451292e-01,-6.05978299272166e-01,-7.44012970489342e-01,-8.17330453695997e-01,-8.22207381412094e-01,-7.60919882519957e-01,-6.40299102207058e-01,-4.69224946154704e-01,-2.55163469579318e-01
2.81805189924928e-01,5.35761567770104e-01,7.36747258734610e-01,8.64827469467684e-01,9.07207160251531e-01,8.59485241957323e-01,7.26087661067929e-01,5.19837111454778e-01,2.60701612322250e-01,-2.61554372189105e-02,-3.12832766048450e-01,-5.71415679061121e-01,-7.76700743070784e-01,-9.08654035696962e-01,-9.54362452924702e-01,-9.09287291720451e-01,-7.77697772962763e-01,-5.72242611285306e-01,-3.12702347340084e-01,-2.40456110848175e-02,2.66019045229950e-01,5.29754374111969e-01,7.42101189598853e-01,8.83113175748481e-01,9.39878531143677e-01,9.07737274565099e-01,7.90672045810389e-01,6.00831716512436e-01,3.57233357026268e-01,8.37711235876692e-02,-1.93267152810282e-01,-4.47919728510169e-01,-6.57217465798511e-01,-8.03497472379510e-01,-8.76077541309865e-01,-8.72039226557296e-01,-7.95918407686535e-01,-6.58165657231738e-01,-4.72311642039436e-01,-2.50856011211070e-01
2.85424670487609e-01,5.42654319585785e-01,7.46254098945955e-01,8.76039461060081e-01,9.19052632146131e-01,8.70832099874242e-01,7.35850994355096e-01,5.27081592067580e-01,2.64728716896844e-01,-2.57438435179086e-02,-3.16100586780288e-01,-5.78091634334122e-01,-7.86210166237597e-01,-9.20180001563102e-01,-9.66929843333380e-01,-9.21861055548596e-01,-7.89285106224570e-01,-5.81988264796700e-01,-3.19966775639503e-01,-2.84572148217756e-02,2.64543942163428e-01,5.31027089547258e-01,7.45711605285059e-01,8.88512222436179e-01,9.46485013394479e-01,9.15058746681991e-01,7.98426970150240e-01,6.09058275026936e-01,3.66369098210092e-01,9.46869928705611e-02,-1.79294974644619e-01,-4.29316452669536e-01,-6.32310153460401e-01,-7.70822714803688e-01,-8.34805550103989e-01,-8.22514997774406e-01,-7.40304101135612e-01,-6.01137983014651e-01,-4.21714842510731e-01,-2.18121648433279e-01
2.57967253499143e-01,4.90438100564098e-01,6.74411484444692e-01,7.91632922034047e-01,8.30381373850413e-01,7.86616991153645e-01,6.64377534641286e-01,4.75384813206883e-01,2.37899819927026e-01,-2.50612060673131e-02,-2.87975012720849e-01,-5.25303633898687e-01,-7.13986655920988e-01,-8.35689374411227e-01,-8.78586712430017e-01,-8.38508270776698e-01,-7.19332527543915e-01,-5.32591830488699e-01,-2.96327281943603e-01,-3.33062851830172e-02,2.31221745456287e-01,4.72010388894514e-01,6.66296712460211e-01,7.96031858219637e-01,8.49640044946770e-01,8.23129698873898e-01,7.20443057021091e-01,5.53004517494919e-01,3.38506186321374e-01,9.90442665540419e-02,-1.41214668575003e-01,-3.58608347586902e-01,-5.32534040606085e-01,-6.47712877085095e-01,-6.95899327159687e-01,-6.76794050871484e-01,-5.97948565470429e-01,-4.73480413997697e-01,-3.21439142846778e-01,-1.59668977205699e-01
2.01628543907858e-01,3.83289160578675e-01,5.26967460219692e-01,6.18365029349435e-01,6.48298382064378e-01,6.13597618359956e-01,5.17416966287495e-01,3.68926958577734e-01,1.82418538925050e-01,-2.40930381190331e-02,-2.30627670644050e-01,-4.17190826338416e-01,-5.65723802728187e-01,-6.61862753607605e-01,-6.96334136583108e-01,-6.65849878563247e-01,-5.73414585488060e-01,-4.28014793805388e-01,-2.43720895368294e-01,-3.82900920319040e-02,1.68592131064682e-01,3.57258722479741e-01,5.10003745046634e-01,6.12828505899623e-01,6.56817051423888e-01,6.39002234099061e-01,5.62632341208385e-01,4.36805802483146e-01,2.75502350092175e-01,9.60974788040202e-02,-8.25020245422443e-02,-2.41924565149004e-01,-3.66400466648872e-01,-4.44617173892096e-01,-4.71154165008347e-01,-4.47300545971231e-01,-3.81072070789494e-01,-2.86251426726351e-01,-1.80265850930193e-01,-8.06789802620628e-02
1.21365622532512e-01,2.30636296023341e-01,3.16899345787523e-01,3.71491031348953e-01,3.88843296569414e-01,3.67027849241934e-01,3.07944442987845e-01,2.17135077846319e-01,1.03242462827086e-01,-2.28340728469007e-02,-1.49002407469565e-01,-2.63156848502962e-01,-3.54357102664168e-01,-4.13891356892552e-01,-4.36119187947357e-01,-4.19011576061105e-01,-3.64334996499516e-01,-2.77461460606230e-01,-1.66823117407828e-01,-4.30649797134068e-02,8.20208468710870e-02,1.96674322675171e-01,2.90343310034010e-01,3.54739061846023e-01,3.84665254713120e-01,3.78535564784401e-01,3.38523947456425e-01,2.70326220921242e-01,1.82547926397406e-01,8.57684254585935e-02,-8.63830807330817e-03,-8.98220162676437e-02,-1.48793722497615e-01,-1.79654690200020e-01,-1.80586739824307e-01,-1.54473424435053e-01,-1.09016698542033e-01,-5.61960064779599e-02,-1.08755860016604e-02,1.17113590035420e-02
2.44023370288556e-02,4.62198404376612e-02,6.31185043434996e-02,7.32415234778053e-02,7.53891545952998e-02,6.91345676393309e-02,5.48644669029100e-02,3.37406362818207e-02,7.58632486692585e-03,-2.12912396681288e-02,-5.03246414839382e-02,-7.69342536235121e-02,-9.87758849047339e-02,-1.13963599136659e-01,-1.21245612509330e-01,-1.20115770225997e-01,-1.10849405393843e-01,-9.44598272186038e-02,-7.25795084971535e-02,-4.72775419317261e-02,-2.08313475796557e-02,4.52461045922295e-03,2.68476875189286e-02,4.47077280039064e-02,5.73557340059421e-02,6.48207237928490e-02,6.79206108457806e-02,6.81795713365738e-02,6.76514007625417e-02,6.86551170430336e-02,7.34351400523201e-02,8.37635653870400e-02,1.00506731440692e-01,1.23183433106667e-01,1.49549784328104e-01,1.75259095945974e-01,1.93669199208899e-01,1.95911506416857e-01,1.71405671810938e-01,1.09114211164230e-01
-8.04858911033684e-02,-1.53268719516060e-01,-2.11402084307147e-01,-2.49378760894813e-01,-2.63672176726500e-01,-2.53083753055897e-01,-2.18862013022086e-01,-1.64581678898039e-01,-9.57944616430461e-02,-1.94855663854995e-02,5.66110640182163e-02,1.24771954054765e-01,1.78043672107069e-01,2.10928707181400e-01,2.19930811919172e-01,2.03906773905856e-01,1.64190535563026e-01,1.04477884459515e-01,3.04833422673303e-02,-5.05968655486081e-02,-1.30763022556632e-01,-2.01964945414332e-01,-2.56856454508997e-01,-2.89478251638964e-01,-2.95803887733288e-01,-2.74097885434673e-01,-2.25054851311996e-01,-1.51711673344786e-01,-5.91495118962319e-02,4.59741485712775e-02,1.56002894490706e-01,2.62893055036925e-01,3.58777233938795e-01,4.36399247886670e-01,4.89352885455999e-01,5.12082831149900e-01,4.99648177699546e-01,4.47312205499557e-01,3.50114538463817e-01,2.02715895300237e-01
-1.83837597193299e-01,-3.49833077720168e-01,-4.81893798241229e-01,-5.67254751609620e-01,-5.97730873438440e-01,-5.70520838492126e-01,-4.88483582761093e-01,-3.59860389544516e-01,-1.97469626548645e-01,-1.74528241325542e-02,1.62305331315882e-01,3.23928620423369e-01,4.51301307678378e-01,5.31649323112597e-01,5.56796156045108e-01,5.23970885058464e-01,4.36089663169445e-01,3.01483545418657e-01,1.33099777542076e-01,-5.27448075300962e-02,-2.37935825468737e-01,-4.04304612436478e-01,-5.35371965576311e-01,-6.17921897353112e-01,-6.43252123966870e-01,-6.07980497509603e-01,-5.14331267142019e-01,-3.69877724896424e-01,-1.86773402736301e-01,1.94426887472403e-02,2.31335371107125e-01,4.31191604881333e-01,6.02583356828055e-01,7.31689249175165e-01,8.08206750221088e-01,8.25723726572541e-01,7.81475630180296e-01,6.75494580667487e-01,5.09264325541345e-01,2.84140810343100e-01
-2.76436039730732e-01,-5.25942516461484e-01,-7.24229096056784e-01,-8.52025515057288e-01,-8.96970938840620e-01,-8.54826841009986e-01,-7.29894620146055e-01,-5.34596998473174e-01,-2.88264088578866e-01,-1.52428391348592e-02,2.57485218139078e-01,5.02944907059468e-01,6.96808726826159e-01,8.19780265008408e-01,8.59486703014246e-01,8.11695533358051e-01,6.80736809198829e-01,4.79090087924129e-01,2.26177043542607e-01,-5.35214630335588e-02,-3.32838927889553e-01,-5.84554414894826e-01,-7.84023364450136e-01,-9.11550156404632e-01,-9.54270242654862e-01,-9.07358277178142e-01,-7.74445642149429e-01,-5.67209644087161e-01,-3.04179962372031e-01,-8.88772140723433e-03,2.92448635932534e-01,5.73455129162364e-01,8.10076899154815e-01,9.82716652661018e-01,1.07777907381823e+00,1.08840935730367e+00,1.01428293428301e+00,8.60394244607311e-01,6.34906563498177e-01,3.46269344117213e-01
-3.50213468963028e-01,-6.66251904229889e-01,-9.17288830501246e-01,-1.07886708666252e+00,-1.13529606025351e+00,-1.08119071263702e+00,-9.22001702875873e-01,-6.73484667966466e-01,-3.60160539298377e-01,-1.29175244169904e-02,3.34010628684906e-01,6.46394438112606e-01,8.93358850456037e-01,1.05040604607692e+00,1.10181528070430e+00,1.04218518910525e+00,8.76967999215089e-01,6.21943851771421e-01,3.01687265810709e-01,-5.28234797016527e-02,-4.07219289392333e-01,-7.27079796438875e-01,-9.81271783988971e-01,-1.14495893516771e+00,-1.20198770216102e+00,-1.14641554338423e+00,-9.83032399584588e-01,-7.26825987538554e-01,-4.01446695585071e-01,-3.68286217705613e-02,3.33789900324890e-01,6.77138021664060e-01,9.63130806057660e-01,1.16768212573546e+00,1.27478373472357e+00,1.27757423811708e+00,1.17819744946147e+00,9.86344547225432e-01,7.16485918526598e-01,3.83929058810001e-01
-3.99039504362911e-01,-7.59101247085157e-01,-1.04502612567500e+00,-1.22891855211369e+00,-1.29288028962352e+00,-1.23076564913879e+00,-1.04878621513668e+00,-7.64905872813188e-01,-4.07085312903385e-01,-1.05477887856044e-02,3.85666309392821e-01,7.42518917963750e-01,1.02479406869093e+00,1.20454425237041e+00,1.26382626044815e+00,1.19645901015984e+00,1.00863165760557e+00,7.18302941543291e-01,3.53451111681157e-01,-5.06535701779994e-02,-4.54885982969256e-01,-8.20075582513352e-01,-1.11081421290857e+00,-1.29888845978768e+00,-1.36599947726523e+00,-1.30550308947828e+00,-1.12299924331954e+00,-8.35713243138848e-01,-4.70730797414092e-01,-6.22633159996906e-02,3.51781581207748e-01,7.33575788024340e-01,1.04910172167671e+00,1.27143951622091e+00,1.38323671257421e+00,1.37804172110559e+00,1.26026006840044e+00,1.04358498436402e+00,7.47854237014796e-01,3.94390609151599e-01
-4.19315300429962e-01,-7.97645823478834e-01,-1.09802178163473e+00,-1.29111035870503e+00,-1.35809014221418e+00,-1.29249663943320e+00,-1.10085821899462e+00,-8.02060216781429e-01,-4.25499425851225e-01,-8.20958628057973e-03,4.08760807646327e-01,7.84363894364003e-01,1.08156808579461e+00,1.27098102654213e+00,1.33372542935426e+00,1.26328652708610e+00,1.06615062677776e+00,7.61172662842124e-01,3.77735174259293e-01,-4.71204539763284e-02,-4.72308890429753e-01,-8.56707117347410e-01,-1.16315877870791e+00,-1.36208337058027e+00,-1.43433554945522e+00,-1.37303316681406e+00,-1.18417362876913e+00,-8.85977104264970e-01,-5.07020464499858e-01,-8.33456959020335e-02,3.45170433852049e-01,7.38821821887067e-01,1.06204582538854e+00,1.28694705415254e+00,1.39598157982456e+00,1.38346582179489e+00,1.25564955996919e+00,1.02917700152219e+00,7.27842363653792e-01,3.77618709871411e-01
-4.10313902600681e-01,-7.80503541034812e-01,-1.07437518778568e+00,-1.26321145673239e+00,-1.32858530384804e+00,-1.26416678158207e+00,-1.07634569914400e+00,-7.83609239196119e-01,-4.14735450713206e-01,-5.97943256241111e-03,4.02472384174416e-01,7.70432828097974e-01,1.06164476972499e+00,1.24732742955765e+00,1.30899121388814e+00,1.24024574002343e+00,1.04742432024661e+00,7.48964115293021e-01,3.73603060364587e-01,-4.24293795030046e-02,-4.58951939500782e-01,-8.35754392437381e-01,-1.13651841674514e+00,-1.33235136371686e+00,-1.40458543981750e+00,-1.34656646215935e+00,-1.16425505627241e+00,-8.75579319038978e-01,-5.08600377699800e-01,-9.86691504936471e-02,3.15147053468891e-01,6.94014893865405e-01,1.00326657269655e+00,1.21590897334385e+00,1.31533179156975e+00,1.29688816119749e+00,1.16809019892709e+00,9.47234247951331e-01,6.60331212825072e-01,3.36252188065730e-01
-3.74231730794923e-01,-7.11852827319601e-01,-9.79838962099283e-01,-1.15198739215111e+00,-1.21148453810761e+00,-1.15255455406952e+00,-9.81027531608062e-01,-7.13771734039780e-01,-3.77045444580327e-01,-3.92976448058829e-03,3.68906354829843e-01,7.04792203853199e-01,9.70641543211590e-01,1.14018798307490e+00,1.19655291055108e+00,1.13389472879095e+00,9.57978159387858e-01,6.85608129716752e-01,3.42984004431873e-01,-3.68642947968398e-02,-4.17306716880596e-01,-7.61693080160027e-01,-1.03693122042112e+00,-1.21671179176276e+00,-1.28406248513250e+00,-1.23297971575151e+00,-1.06897572656519e+00,-8.08484839981687e-01,-4.77183951639899e-01,-1.07388592574321e-01,2.65223160888422e-01,6.05239339506959e-01,8.81137794284170e-01,1.06854117404481e+00,1.15276293207152e+00,1.13035133225356e+00,1.00939863830166e+00,8.08440948780507e-01,5.53812155313344e-01,2.75313406923269e-01
-3.15944084746879e-01,-6.00967539663583e-01,-8.27178724405617e-01,-9.72447505945812e-01,-1.02257385406753e+00,-9.72680262220714e-01,-8.27691719376368e-01,-6.01856270450484e-01,-3.17353116859500e-01,-2.12451815321807e-03,3.12856266344098e-01,5.96613566574613e-01,8.21197971928219e-01,9.64418647648809e-01,1.01201188694581e+00,9.59033710246872e-01,8.10340310517556e-01,5.80109492136572e-01,2.90450186249897e-01,-3.07635085899809e-02,-3.52621291331259e-01,-6.44200882560445e-01,-8.77590665228661e-01,-1.03061378355157e+00,-1.08898564265574e+00,-1.04769179057857e+00,-9.11448982561949e-01,-6.94201367895486e-01,-4.17697536682433e-01,-1.09283469678711e-01,2.00877301914951e-01,4.82888979249923e-01,7.10215898677887e-01,8.62479752219121e-01,9.27680653732486e-01,9.03602055785003e-01,7.98209935015255e-01,6.28901389054440e-01,4.20476375140636e-01,2.01673562442237e-01
-2.42486215139255e-01,-4.61229877340851e-01,-6.34814416575851e-01,-7.46247573427527e-01,-7.84626700112131e-01,-7.46208051954302e-01,-6.34775425643203e-01,-4.61272086987800e-01,-2.42732040803238e-01,-6.15282290959321e-04,2.41289995706542e-01,4.59192875901246e-01,6.31625231743819e-01,7.41539646233068e-01,7.77974394860104e-01,7.37122544959242e-01,6.22700587083131e-01,4.45580610783053e-01,2.22722185450949e-01,-2.44912813916871e-02,-2.72348539091784e-01,-4.97133231190830e-01,-6.77445387996420e-01,-7.96293586592437e-01,-8.42751823067854e-01,-8.13017353135914e-01,-7.10763855455548e-01,-5.46752575304166e-01,-3.37735869849032e-01,-1.04755796181774e-01,1.29001624462357e-01,3.40593603554538e-01,5.09723787107721e-01,6.20934581332643e-01,6.65380270109233e-01,6.42006559528654e-01,5.58003025112263e-01,4.28428862502113e-01,2.74918653565301e-01,1.23323957026849e-01
-1.62308068224316e-01,-3.08712802777061e-01,-4.24869125012731e-01,-4.99395960069916e-01,-5.24991902096979e-01,-4.99151613099366e-01,-4.24412857326779e-01,-3.08110015671835e-01,-1.61658236360262e-01,5.61680820747523e-04,1.62608483715826e-01,3.08538177925843e-01,4.23961744837511e-01,4.97450373602196e-01,5.21650641337651e-01,4.94000484989232e-01,4.16975895532609e-01,2.97844231325608e-01,1.47948369721637e-01,-1.84081044086387e-02,-1.85365361293294e-01,-3.37063673137969e-01,-4.59198886379324e-01,-5.40424154489223e-01,-5.73459867825465e-01,-5.55801919821614e-01,-4.89957287307256e-01,-3.83181498263393e-01,-2.46740419323041e-01,-9.47641302160903e-02,5.72010296314067e-02,1.93808712168904e-01,3.01549699829261e-01,3.70263481929798e-01,3.94393022716713e-01,3.73878132136516e-01,3.14615098565082e-01,2.28437648194197e-01,1.32578641964643e-01,4.85220112586005e-02
-8.43727195341783e-02,-1.60465152013333e-01,-2.20808713424227e-01,-2.59478794534510e-01,-2.72675945022359e-01,-2.59099104532485e-01,-2.20074370181308e-01,-1.59426722398113e-01,-8.31072903850934e-02,1.38732848432331e-03,8.57468284273500e-02,1.61658374580981e-01,2.21617772397750e-01,2.59661195162912e-01,2.71945821173118e-01,2.57122521177698e-01,2.16464105127481e-01,1.53736571062453e-01,7.48259800904077e-02,-1.28424758232828e-02,-1.01036257062770e-01,-1.81526333279656e-01,-2.46897500374053e-01,-2.91278473106440e-01,-3.10919726297121e-01,-3.04561694389543e-01,-2.73556059131790e-01,-2.21726461862891e-01,-1.54979657452239e-01,-8.07013821119517e-02,-6.99058238997171e-03,5.82009389284581e-02,1.07950587252146e-01,1.37198569707113e-01,1.43474204155807e-01,1.27475316979660e-01,9.34858173154571e-02,4.96415913445571e-02,8.06858269979949e-03,-1.51074144061634e-02
-1.71836727477012e-02,-3.26614480511856e-02,-4.48952615717556e-02,-5.26663060525930e-02,-5.51952439193123e-02,-5.22194610962416e-02,-4.40198216466299e-02,-3.13943253555746e-02,-1.55812710038833e-02,1.86053026888611e-03,1.92027386990007e-02,3.47148617263921e-02,4.68316074399169e-02,5.43038058436636e-02,5.63180917729022e-02,5.25736054470670e-02,4.33081708583854e-02,2.92713660734261e-02,1.16471001730831e-02,-8.06672818877779e-03,-2.82096992666449e-02,-4.71265911609366e-02,-6.33348360643235e-02,-7.56751414673260e-02,-8.34302361660293e-02,-8.63996307493094e-02,-8.49223129669293e-02,-7.98439639783605e-02,-7.24300718479651e-02,-6.42306277869080e-02,-5.69053391024285e-02,-5.20198654181006e-02,-5.08229142882739e-02,-5.40104873502439e-02,-6.14764471297720e-02,-7.20369067433142e-02,-8.30984538846533e-02,-9.02155674120593e-02,-8.64515521032479e-02,-6.14311900718750e-02
3.21668032738740e-02,6.12082586447823e-02,8.43043794672351e-02,9.92159955724047e-02,1.04503323928580e-01,9.96662433695271e-02,8.51925264732966e-02,6.25092892474179e-02,3.38423934545073e-02,1.99754331993455e-03,-2.99155159647861e-02,-5.87887253337822e-02,-8.18214619293859e-02,-9.67964126446037e-02,-1.02298595223740e-01,-9.78561219775822e-02,-8.39889599047168e-02,-6.21609522680731e-02,-3.46398322013699e-02,-4.27896740549415e-03,2.57577736933704e-02,5.23010839430727e-02,7.24813542389949e-02,8.40040579676789e-02,8.53685366020162e-02,7.60089799949271e-02,5.63441845002910e-02,2.77318691005945e-02,-7.66688653644492e-03,-4.70980227290836e-02,-8.74761821466551e-02,-1.25667332228023e-01,-1.58756940416641e-01,-1.84264854544099e-01,-2.00265151593525e-01,-2.05364848712168e-01,-1.98485644848231e-01,-1.78370793421951e-01,-1.42692689406898e-01,-8.65487251391544e-02
5.88378778638435e-02,1.11936532878453e-01,1.54118193401535e-01,1.81273021024632e-01,1.90761034576967e-01,1.81670122267638e-01,1.54904873926513e-01,1.13097526047214e-01,6.03497229829911e-02,1.83035879949431e-03,-5.67311510119813e-02,-1.09606582528736e-01,-1.51630637498649e-01,-1.78707732920960e-01,-1.88214263970988e-01,-1.79256990271956e-01,-1.52762285253700e-01,-1.11387545183571e-01,-5.92634692905440e-02,-1.59247794401611e-03,5.58573764043126e-02,1.07313423973273e-01,1.47559360210979e-01,1.72441255321996e-01,1.79269050263878e-01,1.67074276222148e-01,1.36698884312540e-01,9.07067476376024e-02,3.31269952609549e-02,-3.09447808287477e-02,-9.58467823274092e-02,-1.55900907344956e-01,-2.05953535297773e-01,-2.41845717354349e-01,-2.60751934752501e-01,-2.61328340360231e-01,-2.43609829109500e-01,-2.08581449691157e-01,-1.57304023568445e-01,-8.93502108262143e-02
6.08886804534268e-02,1.15832090420025e-01,1.59466749357506e-01,1.87535800625780e-01,1.97305508769364e-01,1.87832643612126e-01,1.60056571023240e-01,1.16707027982387e-01,6.20366018466968e-02,1.40409110310249e-03,-5.92504782307241e-02,-1.13987803383009e-01,-1.57451269322443e-01,-1.85391975456473e-01,-1.95085446906004e-01,-1.85599259627674e-01,-1.57885403254207e-01,-1.14688366751550e-01,-6.02779721456306e-02,-3.31429581006392e-05,6.00826118453091e-02,1.14102610736054e-01,1.56638349864006e-01,1.83403831844536e-01,1.91631498541514e-01,1.80339009176783e-01,1.50420729549277e-01,1.04555003092764e-01,4.69364072779455e-02,-1.71404839148729e-02,-8.18044234256791e-02,-1.41185371056729e-01,-1.89987893254951e-01,-2.23999378315773e-01,-2.40474931906645e-01,-2.38345989867723e-01,-2.18204323525307e-01,-1.82011396159656e-01,-1.32462031072263e-01,-7.18517318748485e-02
3.96723925296372e-02,7.54693748632382e-02,1.03894827735946e-01,1.22174083378295e-01,1.28525459787783e-01,1.22334586231314e-01,1.04214452555637e-01,7.59453011272667e-02,4.03002413499503e-02,7.73653075516257e-04,-3.87610401164234e-02,-7.44307329856128e-02,-1.02742007615539e-01,-1.20923380322825e-01,-1.27196933157978e-01,-1.20952749407478e-01,-1.02809089234964e-01,-7.45524270859439e-02,-3.89632357906836e-02,4.55412030347901e-04,3.98198372621904e-02,7.52448410675515e-02,1.03222747118638e-01,1.20965261493632e-01,1.26674645483681e-01,1.19717612211919e-01,1.00684876671510e-01,7.13304871931079e-02,3.43968515712555e-02,-6.65739126341132e-03,-4.79998888287660e-02,-8.58036090054103e-02,-1.16624514777893e-01,-1.37739307128673e-01,-1.47407001621104e-01,-1.45022654806120e-01,-1.31136989566179e-01,-1.07320733110495e-01,-7.58593973145797e-02,-3.92948701332544e-02
