-5.86335150246610e-05,-1.17874730685247e-04,-1.78302070144651e-04,-2.40433711069642e-04,-3.04693537351700e-04,-3.71373253415997e-04,-4.40590913790907e-04,-5.12247533592968e-04,-5.85985213761513e-04,-6.61152147530219e-04,-7.36781574545614e-04,-8.11592597159311e-04,-8.84020025985888e-04,-9.52277477687100e-04,-1.01445277074970e-03,-1.06862818887251e-03,-1.11301235683136e-03,-1.14606761587026e-03,-1.16661828465050e-03,-1.17393032908707e-03,-1.16775895913133e-03,-1.14836440698236e-03,-1.11649650043326e-03,-1.07334741966767e-03,-1.02047238450390e-03,-9.59681754362556e-04,-8.92914016087263e-04,-8.22104269240591e-04,-7.49064313465689e-04,-6.75387579089364e-04,-6.02386309753911e-04,-5.31061919463098e-04,-4.62104255737991e-04,-3.95912539046381e-04,-3.32629979360579e-04,-2.72184892190127e-04,-2.14332805337400e-04,-1.58695946382058e-04,-1.04798235795365e-04,-5.20952974359121e-05
-1.17908967192974e-04,-2.37077773948523e-04,-3.58708730900448e-04,-4.83885366894907e-04,-6.13504305374462e-04,-7.48198356194492e-04,-8.88250925081221e-04,-1.03350474927643e-03,-1.18327173759684e-03,-1.33625500522178e-03,-1.49049826046589e-03,-1.64338017209523e-03,-1.79167044606442e-03,-1.93165842528988e-03,-2.05935360861119e-03,-2.17074240586588e-03,-2.26207130864294e-03,-2.33011945544279e-03,-2.37242732253337e-03,-2.38746148366704e-03,-2.37471067539194e-03,-2.33471710558339e-03,-2.26904585407709e-03,-2.18018952114864e-03,-2.07140418980618e-03,-1.94648146656554e-03,-1.80947665535138e-03,-1.66442632564880e-03,-1.51509228084207e-03,-1.36476172099268e-03,-1.21611924205883e-03,-1.07119121424089e-03,-9.31351638042561e-04,-7.97372626757686e-04,-6.69501720455978e-04,-5.47550653643182e-04,-4.30984201446155e-04,-3.19001969197695e-04,-2.10609686061822e-04,-1.04679405735806e-04
-1.76764792095803e-04,-3.55510523685998e-04,-5.38135605334208e-04,-7.26367015365771e-04,-9.21659427495137e-04,-1.12507849259961e-03,-1.33716733281079e-03,-1.55779976374112e-03,-1.78602989581304e-03,-2.01995529720371e-03,-2.25661873808905e-03,-2.49197944012304e-03,-2.72098533618975e-03,-2.93776935715709e-03,-3.13597308084585e-03,-3.30917253804067e-03,-3.45135229389457e-03,-3.55735830717696e-03,-3.62326781692727e-03,-3.64664367267005e-03,-3.62667427009400e-03,-3.56421721757228e-03,-3.46175673756913e-03,-3.32326480721206e-03,-3.15394791956459e-03,-2.95987830761066e-03,-2.74754221376243e-03,-2.52336694683036e-03,-2.29329620470670e-03,-2.06246750987509e-03,-1.83501690728432e-03,-1.61400750498643e-03,-1.40145871787660e-03,-1.19844453578777e-03,-1.00522965276897e-03,-8.21418116177449e-04,-6.46096890967000e-04,-4.77964149185913e-04,-3.15438102621899e-04,-1.56746530894586e-04
-2.34403805072036e-04,-4.71605258968372e-04,-7.14300462424169e-04,-9.64972560897638e-04,-1.22576144591836e-03,-1.49830746454139e-03,-1.78356560172101e-03,-2.08159248584519e-03,-2.39131740030816e-03,-2.71032039901561e-03,-3.03465456181003e-03,-3.35876224999045e-03,-3.67554109729393e-03,-3.97660650270385e-03,-4.25276687724833e-03,-4.49467666037171e-03,-4.69357503134304e-03,-4.84198349056918e-03,-4.93424957265309e-03,-4.96688725780511e-03,-4.93873972661637e-03,-4.85102407213225e-03,-4.70728801170700e-03,-4.51324856967388e-03,-4.27645312878809e-03,-4.00573721387240e-03,-3.71052844375286e-03,-3.40010938358968e-03,-3.08296610388945e-03,-2.76631448362892e-03,-2.45583917918931e-03,-2.15562890882195e-03,-1.86826113994872e-03,-1.59498023291742e-03,-1.33591888474235e-03,-1.09032543038016e-03,-8.56773358471398e-04,-6.33341144655450e-04,-4.17759142290513e-04,-2.07525944770158e-04
-2.89920528327447e-04,-5.83572093584355e-04,-8.84574765314787e-04,-1.19631243535504e-03,-1.52177971555952e-03,-1.86338891223257e-03,-2.22272856073870e-03,-2.60027170971959e-03,-2.99504358157946e-03,-3.40427567151852e-03,-3.82309666391549e-03,-4.24433637655913e-03,-4.65853840195806e-03,-5.05427475972774e-03,-5.41881359580844e-03,-5.73910084022702e-03,-6.00290041963533e-03,-6.19985488105681e-03,-6.32224900160930e-03,-6.36539881565884e-03,-6.32776418493437e-03,-6.21095865029828e-03,-6.01974135165310e-03,-5.76190624993803e-03,-5.44789493134243e-03,-5.09003488356096e-03,-4.70148082216290e-03,-4.29507649282893e-03,-3.88237508016585e-03,-3.47297359458261e-03,-3.07420026548306e-03,-2.69110380589821e-03,-2.32665108106306e-03,-1.98203728356266e-03,-1.65703207533184e-03,-1.35031085380490e-03,-1.05974343992260e-03,-7.82629696506056e-04,-5.15882744816188e-04,-2.56166824934670e-04
-3.42278618560292e-04,-6.89350076848813e-04,-1.04590101951399e-03,-1.41638639108163e-03,-1.80486523282758e-03,-2.21477880549529e-03,-2.64865420553476e-03,-3.10772258862521e-03,-3.59145382787350e-03,-4.09703245445302e-03,-4.61883591846291e-03,-5.14802469196020e-03,-5.67240413132293e-03,-6.17674312415551e-03,-6.64368950889141e-03,-7.05526684039010e-03,-7.39468977028312e-03,-7.64802254071652e-03,-7.80521835888702e-03,-7.86039964097901e-03,-7.81168156964581e-03,-7.66103400495543e-03,-7.41442167729332e-03,-7.08198276283037e-03,-6.67775082937695e-03,-6.21861773325626e-03,-5.72267749827860e-03,-5.20741342105198e-03,-4.68820390333154e-03,-4.17740972368852e-03,-3.68405812937794e-03,-3.21398367555460e-03,-2.77024064634743e-03,-2.35362692176960e-03,-1.96320943978489e-03,-1.59678973526197e-03,-1.25128402072638e-03,-9.23015016807112e-04,-6.07925089491162e-04,-3.01725731808908e-04
-3.90297339355938e-04,-7.86575336368978e-04,-1.19473278324359e-03,-1.62048034372474e-03,-2.06918415192377e-03,-2.54563143707023e-03,-3.05368890554043e-03,-3.59582652890215e-03,-4.17248922868942e-03,-4.78132382646655e-03,-5.41631833552759e-03,-6.06699505516458e-03,-6.71791650489048e-03,-7.34887467463802e-03,-7.93613323621152e-03,-8.45483195805827e-03,-8.88210186289100e-03,-9.19984885651507e-03,-9.39609480642221e-03,-9.46456297828807e-03,-9.40341204868475e-03,-9.21457819663660e-03,-8.90443542329835e-03,-8.48506398976385e-03,-7.97466750881079e-03,-7.39623450877399e-03,-6.77475759443428e-03,-6.13412125357039e-03,-5.49470059868368e-03,-4.87212250759517e-03,-4.27707990162612e-03,-3.71582946297456e-03,-3.19100221170591e-03,-2.70246772718873e-03,-2.24811026719105e-03,-1.82445926661967e-03,-1.42716618318462e-03,-1.05134422083580e-03,-6.91796865535256e-04,-3.43162484279406e-04
-4.32652085332764e-04,-8.72576457399151e-04,-1.32701290983180e-03,-1.80310801438163e-03,-2.30779466354631e-03,-2.84757418919410e-03,-3.42815513057150e-03,-4.05389463302852e-03,-4.72698528810590e-03,-5.44634266516798e-03,-6.20620036910013e-03,-6.99455362029083e-03,-7.79185679278934e-03,-8.57074562395427e-03,-9.29777163926228e-03,-9.93771379108824e-03,-1.04596459471407e-02,-1.08421890083908e-02,-1.10749376294398e-02,-1.11552218357142e-02,-1.10829996402137e-02,-1.08584155519478e-02,-1.04842447504453e-02,-9.97100320245774e-03,-9.34018887911495e-03,-8.62285802080000e-03,-7.85437620430057e-03,-7.06835428591086e-03,-6.29234048268655e-03,-5.54608998988471e-03,-4.84184715518541e-03,-4.18565266180189e-03,-3.57890496501585e-03,-3.01977044450830e-03,-2.50430108236096e-03,-2.02725249748433e-03,-1.58264653855136e-03,-1.16413475773665e-03,-7.65215442591347e-04,-3.79348094390746e-04
-4.67894926710992e-04,-9.44409680275856e-04,-1.43821033144636e-03,-1.95802654701851e-03,-2.51260551579712e-03,-3.11055607192116e-03,-3.76001740272519e-03,-4.46805814798151e-03,-5.23967237930637e-03,-6.07619723706090e-03,-6.97298114948034e-03,-7.91632102789789e-03,-8.88029085318378e-03,-9.82518563942447e-03,-1.07003001303722e-02,-1.14530796174505e-02,-1.20429395733820e-02,-1.24526871842456e-02,-1.26887113363513e-02,-1.27674976444921e-02,-1.26973956884298e-02,-1.24701636416733e-02,-1.20694265495874e-02,-1.14889120618186e-02,-1.07459384978124e-02,-9.88122814293338e-03,-8.94748925504794e-03,-7.99560029381756e-03,-7.06546336030909e-03,-6.18323022362826e-03,-5.36286361392355e-03,-4.60931448619960e-03,-3.92159131117023e-03,-3.29509898663389e-03,-2.72322892440207e-03,-2.19837123521884e-03,-1.71252391266483e-03,-1.25763193035455e-03,-8.25749406153636e-04,-4.09088703619743e-04
-4.94501471170672e-04,-9.98947801218532e-04,-1.52343936713073e-03,-2.07836359510177e-03,-2.67447055014442e-03,-3.32284223308288e-03,-4.03466960902049e-03,-4.82068301166881e-03,-5.68995315621740e-03,-6.64757386720156e-03,-7.69054548627033e-03,-8.80140427852305e-03,-9.94059094996097e-03,-1.10417537633024e-02,-1.20176032257233e-02,-1.27827405700756e-02,-1.32892612940288e-02,-1.35546120203354e-02,-1.36552487004198e-02,-1.36789992203891e-02,-1.36644222546605e-02,-1.35730694327206e-02,-1.33172262428446e-02,-1.28205563218547e-02,-1.20657421401536e-02,-1.11008303152842e-02,-1.00113785789349e-02,-8.88485646665290e-03,-7.78782156775903e-03,-6.76007018250770e-03,-5.81934028821569e-03,-4.96894997572375e-03,-4.20417601319222e-03,-3.51637957192175e-03,-2.89533393227065e-03,-2.33043530499880e-03,-1.81128567767715e-03,-1.32793030089615e-03,-8.70903701610214e-04,-4.31169163901374e-04
-5.10949367979859e-04,-1.03303545202922e-03,-1.57768582302528e-03,-2.15689838655866e-03,-2.78348870718753e-03,-3.47125936730595e-03,-4.23498504175604e-03,-5.08995901768027e-03,-6.05050681405214e-03,-7.12622963100624e-03,-8.31396876246694e-03,-9.58369098842851e-03,-1.08601126986866e-02,-1.20108148553490e-02,-1.28618298568051e-02,-1.32591494548413e-02,-1.31645919851167e-02,-1.27270469068885e-02,-1.22525248546590e-02,-1.20534015385575e-02,-1.22620465216905e-02,-1.27462002259731e-02,-1.31936000878929e-02,-1.32983550248596e-02,-1.29117049456051e-02,-1.20719743672569e-02,-1.09333319022834e-02,-9.66992752548314e-03,-8.41438975503437e-03,-7.24224463926014e-03,-6.18380757691428e-03,-5.24256712181938e-03,-4.40930891893307e-03,-3.67016232197064e-03,-3.01037003043099e-03,-2.41579001850981e-03,-1.87336747127503e-03,-1.37117152223367e-03,-8.98251430831366e-04,-4.44418633428692e-04
-5.15830740383592e-04,-1.04371791070760e-03,-1.59615770948075e-03,-2.18653550994786e-03,-2.82958523344373e-03,-3.54182683909064e-03,-4.34184626696536e-03,-5.24996707357484e-03,-6.28603565359911e-03,-7.46234188480835e-03,-8.76647589662112e-03,-1.01290465934043e-02,-1.13802292516267e-02,-1.22225296469514e-02,-1.22745790869663e-02,-1.12344159403865e-02,-9.13032710546296e-03,-6.49963063680217e-03,-4.28900285996356e-03,-3.42611788843642e-03,-4.29872661691950e-03,-6.51918482815167e-03,-9.15992825573460e-03,-1.12743968490437e-02,-1.23253986953058e-02,-1.22847866250722e-02,-1.14546796990201e-02,-1.02166263770123e-02,-8.86832830483949e-03,-7.57985146310229e-03,-6.42086931756476e-03,-5.40412388173863e-03,-4.51771759532949e-03,-3.74226915389915e-03,-3.05800823457563e-03,-2.44700914687747e-03,-1.89354249118189e-03,-1.38382407608937e-03,-9.05613250467438e-04,-4.47797941680795e-04
-5.07995126194369e-04,-1.02853909346896e-03,-1.57476146919563e-03,-2.16099005597947e-03,-2.80343378437340e-03,-3.52091509043576e-03,-4.33544534604373e-03,-5.27176882496718e-03,-6.35311624850667e-03,-7.58638495875234e-03,-8.92455422064903e-03,-1.01942171508965e-02,-1.09976542297721e-02,-1.06553395585831e-02,-8.32097506365028e-03,-3.38465610795907e-03,3.91787986448547e-03,1.20845902141805e-02,1.86214576450289e-02,2.11292538072532e-02,1.86116795514798e-02,1.20649336836656e-02,3.88814112345268e-03,-3.42479052786965e-03,-8.37193795516988e-03,-1.07176963251892e-02,-1.10721202406038e-02,-1.02816797173096e-02,-9.02609991894164e-03,-7.70333323611625e-03,-6.48706051746305e-03,-5.42462659496518e-03,-4.50951938593711e-03,-3.71896819808544e-03,-3.02878050854858e-03,-2.41760973768245e-03,-1.86743833495009e-03,-1.36303696351252e-03,-8.91276756009898e-04,-4.40504357349917e-04
-4.86711174117646e-04,-9.85886418744960e-04,-1.51067474683424e-03,-2.07565888299095e-03,-2.69772288480084e-03,-3.39701976724482e-03,-4.19765252874423e-03,-5.12631146628002e-03,-6.20313643441503e-03,-7.41047558579838e-03,-8.61361685645949e-03,-9.40794371087626e-03,-8.91420040278698e-03,-5.66679739370398e-03,2.11650137365827e-03,1.56348753910829e-02,3.41641288017639e-02,5.41527958987770e-02,6.98709667689372e-02,7.58600102687154e-02,6.98612805151222e-02,5.41333323552467e-02,3.41347029881757e-02,1.55952024761168e-02,2.06618758678555e-03,-5.72826732012374e-03,-8.98747966943251e-03,-9.49384431777198e-03,-8.71313562934558e-03,-7.52482631573389e-03,-6.33378937084389e-03,-5.27504177835341e-03,-4.36659984510696e-03,-3.58876156768730e-03,-2.91536541485039e-03,-2.32295049027809e-03,-1.79214823411555e-03,-1.30703937399375e-03,-8.54236567798128e-04,-4.22084066780150e-04
-4.51825647612321e-04,-9.15338005177697e-04,-1.40294586918697e-03,-1.92858345430949e-03,-2.50865983843352e-03,-3.16308046761413e-03,-3.91556787419466e-03,-4.78988564758041e-03,-5.79093450573506e-03,-6.84316964657212e-03,-7.63666800617338e-03,-7.33278196824976e-03,-4.17462338360532e-03,4.71136811689415e-03,2.27589001752024e-02,5.21712822365153e-02,9.12839796166634e-02,1.32816624269794e-01,1.65208722281130e-01,1.77509998550427e-01,1.65199269147062e-01,1.32797639097531e-01,9.12553019625763e-02,5.21326647639513e-02,2.27100004125448e-02,4.65173705956365e-03,-4.24555620818347e-03,-7.41572749055032e-03,-7.73250134746305e-03,-6.95295949989428e-03,-5.91597935203442e-03,-4.93175836642236e-03,-4.07617080755520e-03,-3.34471367277904e-03,-2.71410619766527e-03,-2.16121560588437e-03,-1.66686175278247e-03,-1.21553442585947e-03,-7.94423042981204e-04,-3.92537146211414e-04
-4.03890078905732e-04,-8.17947272344087e-04,-1.25300812672263e-03,-1.72132743576061e-03,-2.23744927758312e-03,-2.81898624622446e-03,-3.48586045779646e-03,-4.25200079197244e-03,-5.09030215297140e-03,-5.82326037732517e-03,-5.85408493276527e-03,-3.65748614481217e-03,3.88646117411104e-03,2.18124011149674e-02,5.60622025985405e-02,1.10326745040121e-01,1.81433820094791e-01,2.56330393381555e-01,3.14488607366229e-01,3.36534356571049e-01,3.14479520504247e-01,2.56312155462837e-01,1.81406300457364e-01,1.10289741938673e-01,5.60154360980269e-02,2.17555032631215e-02,3.81896312354475e-03,-3.73617051380386e-03,-5.94467948723940e-03,-5.92665209496642e-03,-5.20757241487961e-03,-4.38446397975522e-03,-3.63511167975744e-03,-2.98696063295451e-03,-2.42649614047415e-03,-1.93430378066117e-03,-1.49339772273485e-03,-1.09001394518341e-03,-7.12877526518533e-04,-3.52395852509625e-04
-3.44222750880134e-04,-6.96391111950115e-04,-1.06497229855343e-03,-1.45953015584368e-03,-1.89133579571211e-03,-2.37356771507461e-03,-2.91870448622782e-03,-3.52363181265285e-03,-4.11267863193451e-03,-4.36535456303997e-03,-3.29862806508383e-03,1.51748398258455e-03,1.49763109000080e-02,4.49004246989657e-02,1.00441977809123e-01,1.87160240181228e-01,2.99879013422742e-01,4.18056951652845e-01,5.09589177666355e-01,5.44247612501003e-01,5.09580579060231e-01,4.18039707192662e-01,2.99853026782524e-01,1.87125362241552e-01,1.00398000942783e-01,4.48470748787113e-02,1.49132373729134e-02,1.44424616267738e-03,-3.38257695067886e-03,-4.46068768847863e-03,-4.22022045686634e-03,-3.64438870526089e-03,-3.05390250443759e-03,-2.52469944441919e-03,-2.06021880632981e-03,-1.64838057369051e-03,-1.27649831444295e-03,-9.33913173617698e-04,-6.11830009487889e-04,-3.02756817141633e-04
-2.74880290566643e-04,-5.54920228499692e-04,-8.45575736188243e-04,-1.15290275639562e-03,-1.48376117867972e-03,-1.84518739301057e-03,-2.23947455146591e-03,-2.64175362121927e-03,-2.91914132807809e-03,-2.59154136059423e-03,-2.57590485330379e-04,7.47624723672625e-03,2.73731794795918e-02,7.01750051118563e-02,1.48373192922537e-01,2.69438820073446e-01,4.26044644583240e-01,5.89770174505566e-01,7.16378016868189e-01,7.64284142902578e-01,7.16370014582755e-01,5.89754141446552e-01,4.26020522451030e-01,2.69406518074730e-01,1.48332583655963e-01,7.01259189065168e-02,2.73153970225727e-02,7.40949026723488e-03,-3.33670710738093e-04,-2.67737821991496e-03,-3.01527011123963e-03,-2.74883259920106e-03,-2.35831071378744e-03,-1.97676801374548e-03,-1.62929275759813e-03,-1.31385941438443e-03,-1.02375988638428e-03,-7.52539391844944e-04,-4.94645421993448e-04,-2.45252865419930e-04
-1.98530005316197e-04,-3.99087831005113e-04,-6.03732988915265e-04,-8.14542943618889e-04,-1.03335443954924e-03,-1.26027148030709e-03,-1.48659722403813e-03,-1.66601149396008e-03,-1.61434374223029e-03,-7.17394385902827e-04,2.76519266053108e-03,1.29924789378659e-02,3.81961486941340e-02,9.13924908096366e-02,1.87654864889519e-01,3.35902632052623e-01,5.27080309969805e-01,7.26583455638580e-01,8.80697327519936e-01,9.38984256740882e-01,8.80690013333529e-01,7.26568818855607e-01,5.27058332998979e-01,3.35873286565944e-01,1.87618109454244e-01,9.13482676645560e-02,3.81443796097103e-02,1.29330600799898e-02,2.69798835439462e-03,-7.92559122963464e-04,-1.69769206319308e-03,-1.75782518380224e-03,-1.58722901156679e-03,-1.37015950550470e-03,-1.15303924210441e-03,-9.44687399239627e-04,-7.45145668948599e-04,-5.52750270547848e-04,-3.65628279434525e-04,-1.81960714863329e-04
-1.18237437383897e-04,-2.35287619569161e-04,-3.49738940605704e-04,-4.59642446563135e-04,-5.61847046601765e-04,-6.49855943915322e-04,-7.05464312314982e-04,-6.66780571353040e-04,-3.19563740741510e-04,1.01654901922772e-03,5.23214440603569e-03,1.68055198545949e-02,4.45593137373132e-02,1.02403210592180e-01,2.06400329939226e-01,3.65986447324417e-01,5.71355422885566e-01,7.85401620171076e-01,9.50633295533938e-01,1.01310537100457e+00,9.50626743032975e-01,7.85388527608353e-01,5.71335814944855e-01,3.65960360554008e-01,2.06367812205854e-01,1.02364320400483e-01,4.45141194618664e-02,1.67540989521908e-02,5.17458270411767e-03,9.52940215947211e-04,-3.89118173060058e-04,-7.42170806197325e-04,-7.86570520149365e-04,-7.36545005460673e-04,-6.53966793188258e-04,-5.57012186620856e-04,-4.52134402628654e-04,-3.42417452466746e-04,-2.29706825728551e-04,-1.15254371890303e-04
-3.72053905379061e-05,-7.01842447994094e-05,-9.42803978262205e-05,-1.03868592830847e-04,-9.14273122724729e-05,-4.51257281069551e-05,5.95822023789407e-05,2.90776181210432e-04,8.63253843447799e-04,2.43481965320621e-03,6.80717605587506e-03,1.82214499632798e-02,4.50073014102862e-02,1.00272619596436e-01,1.99127733136650e-01,3.50404605828315e-01,5.44774526084084e-01,7.47172082745753e-01,9.03332184521409e-01,9.62361019477155e-01,9.03326447719047e-01,7.47160642623309e-01,5.44757449988959e-01,3.50381995770181e-01,1.99099727064225e-01,1.00239393257954e-01,4.49690709486587e-02,1.81784754560131e-02,6.75976628662991e-03,2.38333850415015e-03,8.08128836313093e-04,2.32509886311747e-04,-1.23249744674683e-06,-1.07785151938025e-04,-1.55089361166009e-04,-1.67515286589021e-04,-1.56666681865837e-04,-1.29767412051680e-04,-9.20467649619385e-05,-4.76263408165046e-05
4.14879532071761e-05,8.98534881813826e-05,1.52533724430921e-04,2.38191244119219e-04,3.57730807033603e-04,5.26587318052483e-04,7.72023255412841e-04,1.15904087048284e-03,1.87632518737878e-03,3.48238514672489e-03,7.48742112292758e-03,1.74285763551788e-02,4.02379145555010e-02,8.68114200352229e-02,1.69695640518952e-01,2.96197174053724e-01,4.58500131713473e-01,6.27370744143564e-01,7.57606683779010e-01,8.06826713602897e-01,7.57601796299096e-01,6.27361023317150e-01,4.58485686746255e-01,2.96178171153101e-01,1.69672305920861e-01,8.67840442978697e-02,4.02068583640660e-02,1.73942781741475e-02,7.45040715093933e-03,3.44328218356666e-03,1.83587722888489e-03,1.11813052598464e-03,7.31699464740090e-04,4.88101375806131e-04,3.22583447222470e-04,2.08194597368622e-04,1.29893482633998e-04,7.72788268404886e-05,4.23400244988322e-05,1.84946751883973e-05
1.15107916036442e-04,2.39216530418475e-04,3.81937339324683e-04,5.54188512179329e-04,7.69157486859926e-04,1.04419568794970e-03,1.40635307808747e-03,1.91145836533264e-03,2.70700909885622e-03,4.21223698937933e-03,7.54411695631056e-03,1.53051939468975e-02,3.25862276721583e-02,6.73821631139403e-02,1.28890889429061e-01,2.22449074881249e-01,3.42269751753809e-01,4.66818025874174e-01,5.62822759769801e-01,5.99097654922257e-01,5.62818734614620e-01,4.66810049385656e-01,3.42257973028255e-01,2.22433721263245e-01,1.28872271148060e-01,6.73606798072305e-02,3.25623771146064e-02,1.52795834264328e-02,7.51747788357877e-03,4.18544352274309e-03,2.68110181880358e-03,1.88767436886506e-03,1.38616431679969e-03,1.02935799009907e-03,7.61773550687059e-04,5.56789331392335e-04,3.97588161309768e-04,2.71655755603293e-04,1.68930616670059e-04,8.09023937328361e-05
1.81411643106489e-04,3.73357270060255e-04,5.86967505117354e-04,8.34623139683037e-04,1.13077964929725e-03,1.49337747823917e-03,1.94755307210158e-03,2.53799784387871e-03,3.36948217393545e-03,4.72302841523349e-03,7.33126905298751e-03,1.28883562100139e-02,2.46992579760773e-02,4.79480227717103e-02,8.85903848913509e-02,1.50060725443937e-01,2.28550670073923e-01,3.10005231367902e-01,3.72738646773607e-01,3.96433200164041e-01,3.72735476670809e-01,3.09998983175500e-01,2.28541529724525e-01,1.50048976683363e-01,8.85764153274923e-02,4.79323323420517e-02,2.46824702096391e-02,1.28712327950894e-02,7.31472839068396e-03,4.70816905299619e-03,3.35761228969886e-03,2.53067231293316e-03,1.94662012611430e-03,1.50103760148534e-03,1.14966020913596e-03,8.67873396204544e-04,6.38380196929996e-04,4.47525074758607e-04,2.83929652605909e-04,1.37729171124731e-04
2.38719318114218e-04,4.88920205551217e-04,7.62621985102013e-04,1.07295058473491e-03,1.43479797010854e-03,1.86579425020254e-03,2.38854411757811e-03,3.03771616314055e-03,3.88311610831072e-03,5.09593845489913e-03,7.10613655501570e-03,1.08941842434734e-02,1.83623799823337e-02,3.24860213183829e-02,5.66717923824182e-02,9.28575298708869e-02,1.38791419378723e-01,1.86305849067200e-01,2.22836261111945e-01,2.36623236300004e-01,2.22833919414049e-01,1.86301273899574e-01,1.38784829483521e-01,9.28492591653227e-02,5.66622971787586e-02,3.24758903907626e-02,1.83523478884597e-02,1.08851484525540e-02,7.09917910858569e-03,5.09235310608970e-03,3.88444216244093e-03,3.04578059778231e-03,2.40551401904131e-03,1.89424219911260e-03,1.47778378467679e-03,1.13412384150613e-03,8.46351051315102e-04,6.00455213924331e-04,3.84398676112455e-04,1.87512714014770e-04
2.85918847606805e-04,5.83731516434172e-04,9.05786014421818e-04,1.26535094621394e-03,1.67711792740474e-03,2.15784074368394e-03,2.72757508282590e-03,3.41331599664647e-03,4.26066308425818e-03,5.36731384558768e-03,6.96271095721958e-03,9.55564432747084e-03,1.41212776263694e-02,2.21738873744739e-02,3.54325618624959e-02,5.48431855049921e-02,7.91843258217153e-02,1.04190043085544e-01,1.23343114014704e-01,1.30559591929152e-01,1.23341556104997e-01,1.04187049323641e-01,7.91801429046999e-02,5.48381900263962e-02,3.54272684339109e-02,2.21689599082748e-02,1.41175441969346e-02,9.55411617019692e-03,6.96460633510017e-03,5.37408772162782e-03,4.27404379635573e-03,3.43535045456214e-03,2.76068441278491e-03,2.20488881727150e-03,1.74149585393707e-03,1.35108141071280e-03,1.01765233515066e-03,7.27437496659247e-04,4.68286900889160e-04,2.29216574803334e-04
3.22423118811464e-04,6.56693828573447e-04,1.01502083861954e-03,1.41033549832550e-03,1.85665783233737e-03,2.36950346037415e-03,2.96652952849091e-03,3.66921957709815e-03,4.50813813789457e-03,5.53795974018096e-03,6.87314717144157e-03,8.75376874328492e-03,1.16277453553802e-02,1.61788013671704e-02,2.31668758126768e-02,3.29752367506504e-02,4.49724056641240e-02,5.71191145657200e-02,6.63480305856834e-02,6.98127221415844e-02,6.63471957283830e-02,5.71175780236604e-02,4.49704365727062e-02,3.29732458803252e-02,2.31654243099331e-02,1.61786128544569e-02,1.16297217955664e-02,8.75901060701896e-03,6.88297860166806e-03,5.55395959402661e-03,4.53217801021591e-03,3.70351018158474e-03,3.01367714180275e-03,2.43257853332825e-03,1.93927834963597e-03,1.51676823075620e-03,1.15030427545082e-03,8.26787279630164e-04,5.34387174737860e-04,2.62214108365035e-04
3.48099347103173e-04,7.07629627594239e-04,1.09029012530495e-03,1.50831044778269e-03,1.97470051278390e-03,2.50349500163191e-03,3.11006360824956e-03,3.81180107837707e-03,4.63020328929444e-03,5.59678360022777e-03,6.76705685145485e-03,8.24601310984255e-03,1.02187845546307e-02,1.29570141180292e-02,1.67468197784460e-02,2.16973622108225e-02,2.74783500902192e-02,3.31665746251478e-02,3.74183114747541e-02,3.90027069867831e-02,3.74181250355286e-02,3.31663430777423e-02,2.74783590071485e-02,2.16980473133903e-02,1.67487760168625e-02,1.29610081956853e-02,1.02257712726091e-02,8.25715602525552e-03,6.78375387731292e-03,5.62069832936667e-03,4.66330300467482e-03,3.85640262086951e-03,3.16888851398882e-03,2.57973559515325e-03,2.07209894602360e-03,1.63125299707040e-03,1.24391937292395e-03,8.97977411855201e-04,5.82243477708995e-04,2.86247558135397e-04
3.63185858331454e-04,7.37104747635821e-04,1.13267143836255e-03,1.56115391975685e-03,2.03432416277253e-03,2.56458138921899e-03,3.16506379723962e-03,3.84985026986189e-03,4.63459343756660e-03,5.53841111252623e-03,6.58840391059272e-03,7.82768315102206e-03,9.32404489808585e-03,1.11680100906062e-02,1.34406816006725e-02,1.61382318753398e-02,1.90742532405000e-02,2.18297404326652e-02,2.38313987860540e-02,2.45675361109960e-02,2.38317747418556e-02,2.18306387229278e-02,1.90759695687283e-02,1.61412172405596e-02,1.34455514511968e-02,1.11755569037713e-02,9.33525451909214e-03,7.84375532216827e-03,6.61077753003167e-03,5.56879488060277e-03,4.67500267952539e-03,3.90265086559824e-03,3.23302429885352e-03,2.65093455856089e-03,2.14283930074666e-03,1.69622146368301e-03,1.29940133467646e-03,9.41440003371403e-04,6.12032342488862e-04,3.01372867730260e-04
3.68206569663858e-04,7.46251196359651e-04,1.14407677072811e-03,1.57182327044644e-03,2.03989426993166e-03,2.55898471815586e-03,3.14006255899049e-03,3.79432025934812e-03,4.53317794792377e-03,5.36854473269441e-03,6.31364751139675e-03,7.38445772494423e-03,8.60040980244339e-03,9.98043097855839e-03,1.15281395251195e-02,1.32032765484700e-02,1.48889636185309e-02,1.63805266942304e-02,1.74233333958632e-02,1.77999164876793e-02,1.74241770503044e-02,1.63823622493606e-02,1.48920904714352e-02,1.32081511242437e-02,1.15353842636144e-02,9.99084663861912e-03,8.61499136515675e-03,7.40441425414353e-03,6.34042640940658e-03,5.40386091112207e-03,4.57904851491742e-03,3.85310540177638e-03,3.21451336290222e-03,2.65229871132858e-03,2.15577946695546e-03,1.71457142410938e-03,1.31864633968766e-03,9.58360165030217e-04,6.24434613674635e-04,3.07898461215440e-04
3.63889501129512e-04,7.36600410979296e-04,1.12699402673565e-03,1.54399755336332e-03,1.99660159141679e-03,2.49381312040452e-03,3.04454706505216e-03,3.65744121303976e-03,4.34058717124976e-03,5.10118269601547e-03,5.94509689072333e-03,6.87619786266927e-03,7.89486666343504e-03,8.99443929242396e-03,1.01540730314468e-02,1.13281913674881e-02,1.24370780016854e-02,1.33679826155772e-02,1.39952876647122e-02,1.42178010884846e-02,1.39964984865970e-02,1.33705512033235e-02,1.24413010381437e-02,1.13345209206859e-02,1.01631251653990e-02,9.00700581216477e-03,7.91193022025854e-03,6.89895070063370e-03,5.97496356767487e-03,5.13984715889152e-03,4.39002460167030e-03,3.71995507814743e-03,3.12281179963386e-03,2.59092281397010e-03,2.11612493571505e-03,1.69003909011087e-03,1.30426137828455e-03,9.50476619065683e-04,6.20508763242424e-04,3.06323881919604e-04
3.51093242889254e-04,7.09933777764656e-04,1.08425713794103e-03,1.48176109643126e-03,1.91005033130836e-03,2.37653491182604e-03,2.88826294391179e-03,3.45166356013167e-03,4.07217026271131e-03,4.75368383475853e-03,5.49780989787150e-03,6.30275017332982e-03,7.16162717448692e-03,8.05994652137772e-03,8.97209906370108e-03,9.85765403669291e-03,1.06597195569611e-02,1.13088206221952e-02,1.17346490649687e-02,1.18837620905139e-02,1.17361235723210e-02,1.13119121898736e-02,1.06647159186025e-02,9.86499340674847e-03,8.98237819888263e-03,8.07393167468858e-03,7.18026811269721e-03,6.32719746353759e-03,5.52943569593359e-03,4.79410642368621e-03,4.12328258652415e-03,3.51566596947349e-03,2.96770030175953e-03,2.47433808397684e-03,2.02958188397627e-03,1.62686471133765e-03,1.25930979314284e-03,9.19899078033865e-04,6.01573351854916e-04,2.97282349687580e-04
3.30743916395051e-04,6.68155089052668e-04,1.01885113691732e-03,1.38933665725029e-03,1.78591161212400e-03,2.21453543737853e-03,2.68062820125035e-03,3.18878606728048e-03,3.74238227909665e-03,4.34301643977927e-03,4.98976430574708e-03,5.67817134641762e-03,6.39894159618943e-03,7.13634326500895e-03,7.86656495742198e-03,8.55667255984175e-03,9.16531781022240e-03,9.64648562628842e-03,9.95673951006173e-03,1.00645488096730e-02,9.95837412927530e-03,9.64989008021789e-03,9.17076494382858e-03,8.56457770903903e-03,7.87749332394677e-03,7.15101989988181e-03,6.41826411155049e-03,5.70322549260433e-03,5.02184255646400e-03,4.38363971805434e-03,3.79332492352615e-03,3.25210407244271e-03,2.75869065548712e-03,2.31005890863478e-03,1.90199697627196e-03,1.52950749511808e-03,1.18709231059801e-03,8.68949401379147e-04,5.69103807719866e-04,2.81489983733303e-04
3.03784203330519e-04,6.13188008714922e-04,9.33756894859082e-04,1.27087557892976e-03,1.62965584265147e-03,2.01478475902196e-03,2.43031762499738e-03,2.87939767566435e-03,3.36388206700696e-03,3.88385168962255e-03,4.43698402281852e-03,5.01778020649872e-03,5.61667302041882e-03,6.21912199192258e-03,6.80494377646526e-03,7.34831481396846e-03,7.81902023796445e-03,8.18541365503190e-03,8.41902106796704e-03,8.49984899944922e-03,8.42071490659027e-03,8.18892645684471e-03,7.82460441638615e-03,7.35635442342056e-03,6.81596109778306e-03,6.23378641453994e-03,5.63581229684418e-03,5.04239415743235e-03,4.46826076087023e-03,3.92318640060503e-03,3.41289833308740e-03,2.93997123490418e-03,2.50460232483540e-03,2.10524026145760e-03,1.73907635656849e-03,1.40241850577361e-03,1.09096974821995e-03,8.00031271507769e-04,5.24646878600367e-04,2.59703449529870e-04
2.71135146103977e-04,5.46899921464489e-04,8.31837636326886e-04,1.13030819000690e-03,1.44636919153039e-03,1.78362383475731e-03,2.14502353710273e-03,2.53261300814318e-03,2.94720591774193e-03,3.38798211629918e-03,3.85200525502889e-03,4.33367755784645e-03,4.82418332079928e-03,5.31103079017423e-03,5.77788117886251e-03,6.20492877872324e-03,6.57010787232134e-03,6.85126970098296e-03,7.02915438766358e-03,7.09056020221901e-03,7.03081186894475e-03,6.85469717729942e-03,6.57553225940077e-03,6.21269518590190e-03,5.78845863255936e-03,5.32501992672029e-03,4.84232608852163e-03,4.35686896077264e-03,3.88130714902039e-03,3.42463902754648e-03,2.99266278653032e-03,2.58853465889258e-03,2.21331552785043e-03,1.86645413172798e-03,1.54618983039510e-03,1.24987570475134e-03,9.74230535931896e-04,7.15530847571085e-04,4.69754523271472e-04,2.32686965530391e-04
2.33670592432125e-04,4.71051791514342e-04,7.15766366558803e-04,9.71252634151411e-04,1.24065027274328e-03,1.52665982864167e-03,1.83136749102583e-03,2.15602767953668e-03,2.50079831911599e-03,2.86442861472156e-03,3.24390864164424e-03,3.63410676078418e-03,4.02744723515377e-03,4.41371644194106e-03,4.78012479743233e-03,5.11177397849609e-03,5.39265384712072e-03,5.60718958220773e-03,5.74217496987279e-03,5.78871889930110e-03,5.74370828669863e-03,5.61035386384715e-03,5.39764598332778e-03,5.11889329703353e-03,4.78977787816081e-03,4.42642356668361e-03,4.04385048713117e-03,3.65497977351968e-03,3.27016796971099e-03,2.89714665267399e-03,2.54121762425079e-03,2.20557645106862e-03,1.89167581332582e-03,1.59957608782499e-03,1.32825689040734e-03,1.07587991361731e-03,8.40002797943517e-04,6.17748593660493e-04,4.05937563727031e-04,2.01188890378050e-04
1.92203442147697e-04,3.87272138159866e-04,5.87990787207123e-04,7.96976227605980e-04,1.01657676331957e-03,1.24875186974527e-03,1.49492681990680e-03,1.75581836285810e-03,2.03123055888336e-03,2.31982509083401e-03,2.61887892639900e-03,2.92405515672972e-03,3.22923041609755e-03,3.52644242824031e-03,3.80603758594803e-03,4.05709921720115e-03,4.26820714553916e-03,4.42850793705720e-03,4.52897024429543e-03,4.56359523041228e-03,4.53030159888526e-03,4.43125146190075e-03,4.27252575917092e-03,4.06324051952864e-03,3.81433773440059e-03,3.53733131637176e-03,3.24323815182540e-03,2.94181982094479e-03,2.64115556402988e-03,2.34749584140502e-03,2.06531576696010e-03,1.79748841414060e-03,1.54551431837066e-03,1.30976359597179e-03,1.08970462339769e-03,8.84106103912597e-04,6.91207824421946e-04,5.08860527663312e-04,3.34638194782518e-04,1.65927514387879e-04
1.47482340942747e-04,2.97052178505638e-04,4.50730612884041e-04,6.10401112627695e-04,7.77728798082298e-04,9.54066072972096e-04,1.14034135177088e-03,1.33692927484068e-03,1.54350357748727e-03,1.75887819115227e-03,1.98084870984180e-03,2.20605527525921e-03,2.42989862785277e-03,2.64655136193212e-03,2.84911184349384e-03,3.02994215385966e-03,3.18120701265472e-03,3.29558546568378e-03,3.36706863698698e-03,3.39170467450456e-03,3.36813224014955e-03,3.29777499448617e-03,3.18464808494570e-03,3.03482562992145e-03,2.85569674830236e-03,2.65516878025661e-03,2.44095656143547e-03,2.22004443568635e-03,1.99834919515813e-03,1.78056695546929e-03,1.57016254673657e-03,1.36945388352017e-03,1.17974916917951e-03,1.00150504623158e-03,8.34484455541683e-04,6.77901836772661e-04,5.30549798275286e-04,3.90905730004468e-04,2.57219535257894e-04,1.27585228615623e-04
1.00197183095935e-04,2.01758653671088e-04,3.06001504021101e-04,4.14145336890598e-04,5.27255951597861e-04,6.46180504406542e-04,7.71472402925905e-04,9.03305493185370e-04,1.04137916789021e-03,1.18481912325256e-03,1.33208279917069e-03,1.48088396060587e-03,1.62815675091254e-03,1.77008428846038e-03,1.90221781383536e-03,2.01970613971863e-03,2.11763892886866e-03,2.19148119842129e-03,2.23754555122550e-03,2.25342341173728e-03,2.23828936083259e-03,2.19301130465857e-03,2.12004095927265e-03,2.02311016926806e-03,1.90680032413048e-03,1.77607077458197e-03,1.63582496443956e-03,1.49056776519256e-03,1.34417659599342e-03,1.19978277524305e-03,1.05974331119733e-03,9.25677068426228e-04,7.98540163586001e-04,6.78720160746697e-04,5.66134480669270e-04,4.60323827555833e-04,3.60535705219191e-04,2.65796150441371e-04,1.74969836018337e-04,8.68099514444672e-05
5.09917036947309e-05,1.02660761809432e-04,1.55659895367085e-04,2.10591043462358e-04,2.67976290024288e-04,3.28224696317967e-04,3.91594302605475e-04,4.58149275397027e-04,5.27713276963750e-04,5.99821723133086e-04,6.73677715365309e-04,7.48118969842221e-04,8.21605620833362e-04,8.92240542681406e-04,9.57833591513322e-04,1.01601752187419e-03,1.06441534453104e-03,1.10084697800412e-03,1.12354973216117e-03,1.13137694468816e-03,1.12393691461907e-03,1.10164298101406e-03,1.06566377445259e-03,1.01778461337367e-03,9.60209196304755e-04,8.95339443751803e-04,8.25569165028318e-04,7.53117005104782e-04,6.79910808690433e-04,6.07523620243194e-04,5.37153543407679e-04,4.69636029533956e-04,4.05476911783029e-04,3.44896256248992e-04,2.87875641465070e-04,2.34203997282318e-04,1.83519234634830e-04,1.35344465834627e-04,8.91186934997885e-05,4.42225390738487e-05
